id,id_str,Screen_name,Location,Description,Url,Followers_count,Friends_count,Listed_count,Created_at,Favourites_count,Verified,Statuses_count,Lang,Status,Default_profile,Default_profile_image,Has_extended_profile,name,Bot
223781027,223781027,arcibald1976,,,,7,182,0,2010-12-07 09:27:38,1,False,42,en,"{'in_reply_to_status_id_str': None, 'retweet_count': 0, 'source': '<a href=""https://periscope.tv"" rel=""nofollow"">Periscope</a>', 'is_quote_status': False, 'in_reply_to_screen_name': None, 'id_str': '771634533074477056', 'in_reply_to_status_id': None, 'truncated': False, 'text': 'EN DIRECTO en #Periscope https://t.co/eES98je7Ps', 'coordinates': None, 'geo': None, 'entities': {'hashtags': [{'text': 'Periscope', 'indices': [14, 24]}], 'symbols': [], 'urls': [{'indices': [25, 48], 'display_url': 'periscope.tv/w/apfmRTFBbWp6‚Ä¶', 'expanded_url': 'https://www.periscope.tv/w/apfmRTFBbWp6dmx3TlJWamV8MW1yeG1XbHdPeWdHeWXiKcFgMblZMhfTSm64FAG931n4hIioMel5n7l8t3uq', 'url': 'https://t.co/eES98je7Ps'}], 'user_mentions': []}, 'in_reply_to_user_id_str': None, 'place': None, 'id': 771634533074477056, 'retweeted': False, 'favorited': False, 'possibly_sensitive': False, 'lang': 'es', 'created_at': 'Fri Sep 02 09:03:03 +0000 2016', 'favorite_count': 0, 'in_reply_to_user_id': None, 'contributors': None}",True,False,False,daniel spanu,True
3236639261,3236639261,shayleaanderson,,,,13,1479,0,2015-05-05 19:20:01,0,False,4,en,"{'in_reply_to_status_id_str': None, 'retweet_count': 0, 'source': '<a href=""http://twitter.com"" rel=""nofollow"">Twitter Web Client</a>', 'is_quote_status': False, 'in_reply_to_screen_name': None, 'id_str': '794271166332424192', 'in_reply_to_status_id': None, 'truncated': False, 'text': ""Thought I'd try tinder out. Went on one date and he ended up getting arrested on the way home. He's still in jail. #thathappened"", 'coordinates': None, 'geo': None, 'entities': {'hashtags': [{'text': 'thathappened', 'indices': [115, 128]}], 'symbols': [], 'urls': [], 'user_mentions': []}, 'in_reply_to_user_id_str': None, 'place': None, 'id': 794271166332424192, 'retweeted': False, 'favorited': False, 'lang': 'en', 'created_at': 'Thu Nov 03 20:12:57 +0000 2016', 'favorite_count': 2, 'in_reply_to_user_id': None, 'contributors': None}",True,True,False,Shay Corless,True
550454730,550454730,charlesbardakji,,,,3,280,0,2012-04-10 19:18:49,1,False,7,en,"{'in_reply_to_status_id_str': None, 'retweet_count': 0, 'source': '<a href=""https://dev.twitter.com/docs/tfw"" rel=""nofollow"">Twitter for Websites</a>', 'is_quote_status': False, 'in_reply_to_screen_name': None, 'id_str': '276433227160363008', 'in_reply_to_status_id': None, 'truncated': False, 'text': 'House GOP Leaders Purged Conservatives Using Secret Criteria List http://t.co/MZ3UUhU4 via @BreitbartNews', 'coordinates': None, 'geo': None, 'entities': {'hashtags': [], 'symbols': [], 'urls': [{'indices': [66, 86], 'display_url': 'shar.es/6AeoT', 'expanded_url': 'http://shar.es/6AeoT', 'url': 'http://t.co/MZ3UUhU4'}], 'user_mentions': [{'id': 457984599, 'name': 'Breitbart News', 'indices': [91, 105], 'screen_name': 'BreitbartNews', 'id_str': '457984599'}]}, 'in_reply_to_user_id_str': None, 'place': None, 'id': 276433227160363008, 'retweeted': False, 'favorited': False, 'possibly_sensitive': False, 'lang': 'en', 'created_at': 'Wed Dec 05 21:09:51 +0000 2012', 'favorite_count': 0, 'in_reply_to_user_id': None, 'contributors': None}",True,True,False,charles bardakji,True
3009551808,3009551808,9jechia9,,,,1,384,0,2015-02-05 01:14:32,0,False,11,en,"{'in_reply_to_status_id_str': None, 'retweet_count': 0, 'source': '<a href=""http://twitter.com"" rel=""nofollow"">Twitter Web Client</a>', 'is_quote_status': False, 'in_reply_to_screen_name': None, 'id_str': '838011315205582849', 'in_reply_to_status_id': None, 'truncated': False, 'text': 'Trump.I vted for U.U gt RSSN hlp to bt womn with no stamina .Sad', 'coordinates': None, 'geo': None, 'entities': {'hashtags': [], 'symbols': [], 'urls': [], 'user_mentions': []}, 'in_reply_to_user_id_str': None, 'place': None, 'id': 838011315205582849, 'retweeted': False, 'favorited': False, 'lang': 'en', 'created_at': 'Sat Mar 04 13:00:41 +0000 2017', 'favorite_count': 0, 'in_reply_to_user_id': None, 'contributors': None}",True,True,False,Geno,True
580921624,580921624,zi_ny_sya,,,,6,172,0,2012-05-15 14:04:26,0,False,2,ru,"{'in_reply_to_status_id_str': None, 'retweeted_status': {'in_reply_to_status_id_str': None, 'retweet_count': 59153, 'source': '<a href=""http://twitter.com"" rel=""nofollow"">Twitter Web Client</a>', 'is_quote_status': False, 'in_reply_to_screen_name': None, 'id_str': '743327425530978304', 'in_reply_to_status_id': None, 'truncated': False, 'text': '–î–ª—è –ø–µ—Ä–µ—Ö–æ–¥–∞ –Ω–∞ —Å–∞–π—Ç –ø—Ä–æ–π–¥–∏—Ç–µ –ø–æ —Å—Å—ã–ª–∫–µ =&gt; https://t.co/M5ojF89M1L https://t.co/AqRTENSxS3', 'coordinates': None, 'geo': None, 'entities': {'hashtags': [], 'symbols': [], 'urls': [{'indices': [46, 69], 'display_url': 'zerkalo-imperator.com', 'expanded_url': 'http://zerkalo-imperator.com', 'url': 'https://t.co/M5ojF89M1L'}], 'media': [{'display_url': 'pic.twitter.com/AqRTENSxS3', 'media_url': 'http://pbs.twimg.com/ext_tw_video_thumb/743327176783650816/pu/img/ljNYuzTkIvp12pI8.jpg', 'indices': [70, 93], 'url': 'https://t.co/AqRTENSxS3', 'id': 743327176783650816, 'media_url_https': 'https://pbs.twimg.com/ext_tw_video_thumb/743327176783650816/pu/img/ljNYuzTkIvp12pI8.jpg', 'type': 'photo', 'sizes': {'thumb': {'resize': 'crop', 'w': 150, 'h': 150}, 'large': {'resize': 'fit', 'w': 1024, 'h': 576}, 'small': {'resize': 'fit', 'w': 340, 'h': 191}, 'medium': {'resize': 'fit', 'w': 600, 'h': 338}}, 'id_str': '743327176783650816', 'expanded_url': 'https://twitter.com/CasinoImperator/status/743327425530978304/video/1'}], 'user_mentions': []}, 'in_reply_to_user_id_str': None, 'place': None, 'id': 743327425530978304, 'retweeted': False, 'extended_entities': {'media': [{'media_url': 'http://pbs.twimg.com/ext_tw_video_thumb/743327176783650816/pu/img/ljNYuzTkIvp12pI8.jpg', 'indices': [70, 93], 'id': 743327176783650816, 'video_info': {'variants': [{'content_type': 'video/mp4', 'bitrate': 832000, 'url': 'https://video.twimg.com/ext_tw_video/743327176783650816/pu/vid/640x360/TICdPdZ9vqi_Ql9I.mp4'}, {'content_type': 'video/mp4', 'bitrate': 320000, 'url': 'https://video.twimg.com/ext_tw_video/743327176783650816/pu/vid/320x180/V-bl03tuC6eru7Et.mp4'}, {'content_type': 'video/mp4', 'bitrate': 2176000, 'url': 'https://video.twimg.com/ext_tw_video/743327176783650816/pu/vid/1280x720/CO2e-GRfVNaZh1XL.mp4'}, {'content_type': 'application/x-mpegURL', 'url': 'https://video.twimg.com/ext_tw_video/743327176783650816/pu/pl/xhZXEGY3u3-fPtVu.m3u8'}], 'aspect_ratio': [16, 9], 'duration_millis': 17760}, 'sizes': {'thumb': {'resize': 'crop', 'w': 150, 'h': 150}, 'large': {'resize': 'fit', 'w': 1024, 'h': 576}, 'small': {'resize': 'fit', 'w': 340, 'h': 191}, 'medium': {'resize': 'fit', 'w': 600, 'h': 338}}, 'id_str': '743327176783650816', 'additional_media_info': {'monetizable': False}, 'expanded_url': 'https://twitter.com/CasinoImperator/status/743327425530978304/video/1', 'url': 'https://t.co/AqRTENSxS3', 'media_url_https': 'https://pbs.twimg.com/ext_tw_video_thumb/743327176783650816/pu/img/ljNYuzTkIvp12pI8.jpg', 'type': 'video', 'display_url': 'pic.twitter.com/AqRTENSxS3'}]}, 'favorited': False, 'possibly_sensitive': False, 'lang': 'ru', 'created_at': 'Thu Jun 16 06:20:43 +0000 2016', 'favorite_count': 28470, 'in_reply_to_user_id': None, 'contributors': None}, 'source': '<a href=""http://twitter.com"" rel=""nofollow"">Twitter Web Client</a>', 'is_quote_status': False, 'in_reply_to_screen_name': None, 'retweet_count': 59153, 'id_str': '793485489588363264', 'in_reply_to_status_id': None, 'truncated': False, 'text': 'RT @CasinoImperator: –î–ª—è –ø–µ—Ä–µ—Ö–æ–¥–∞ –Ω–∞ —Å–∞–π—Ç –ø—Ä–æ–π–¥–∏—Ç–µ –ø–æ —Å—Å—ã–ª–∫–µ =&gt; https://t.co/M5ojF89M1L https://t.co/AqRTENSxS3', 'coordinates': None, 'geo': None, 'entities': {'hashtags': [], 'symbols': [], 'urls': [{'indices': [67, 90], 'display_url': 'zerkalo-imperator.com', 'expanded_url': 'http://zerkalo-imperator.com', 'url': 'https://t.co/M5ojF89M1L'}], 'media': [{'source_status_id_str': '743327425530978304', 'media_url': 'http://pbs.twimg.com/ext_tw_video_thumb/743327176783650816/pu/img/ljNYuzTkIvp12pI8.jpg', 'indices': [91, 114], 'id': 743327176783650816, 'source_user_id_str': '721823850', 'sizes': {'thumb': {'resize': 'crop', 'w': 150, 'h': 150}, 'large': {'resize': 'fit', 'w': 1024, 'h': 576}, 'small': {'resize': 'fit', 'w': 340, 'h': 191}, 'medium': {'resize': 'fit', 'w': 600, 'h': 338}}, 'id_str': '743327176783650816', 'source_user_id': 721823850, 'source_status_id': 743327425530978304, 'expanded_url': 'https://twitter.com/CasinoImperator/status/743327425530978304/video/1', 'url': 'https://t.co/AqRTENSxS3', 'media_url_https': 'https://pbs.twimg.com/ext_tw_video_thumb/743327176783650816/pu/img/ljNYuzTkIvp12pI8.jpg', 'type': 'photo', 'display_url': 'pic.twitter.com/AqRTENSxS3'}], 'user_mentions': [{'id': 721823850, 'name': '–ö–∞–∑–∏–Ω–æ –ò–º–ø–µ—Ä–∞—Ç–æ—Ä', 'indices': [3, 19], 'screen_name': 'CasinoImperator', 'id_str': '721823850'}]}, 'in_reply_to_user_id_str': None, 'place': None, 'id': 793485489588363264, 'retweeted': False, 'extended_entities': {'media': [{'source_status_id_str': '743327425530978304', 'media_url': 'http://pbs.twimg.com/ext_tw_video_thumb/743327176783650816/pu/img/ljNYuzTkIvp12pI8.jpg', 'indices': [91, 114], 'id': 743327176783650816, 'source_user_id_str': '721823850', 'sizes': {'thumb': {'resize': 'crop', 'w': 150, 'h': 150}, 'large': {'resize': 'fit', 'w': 1024, 'h': 576}, 'small': {'resize': 'fit', 'w': 340, 'h': 191}, 'medium': {'resize': 'fit', 'w': 600, 'h': 338}}, 'id_str': '743327176783650816', 'source_user_id': 721823850, 'source_status_id': 743327425530978304, 'additional_media_info': {'monetizable': False}, 'expanded_url': 'https://twitter.com/CasinoImperator/status/743327425530978304/video/1', 'url': 'https://t.co/AqRTENSxS3', 'media_url_https': 'https://pbs.twimg.com/ext_tw_video_thumb/743327176783650816/pu/img/ljNYuzTkIvp12pI8.jpg', 'type': 'video', 'video_info': {'variants': [{'content_type': 'video/mp4', 'bitrate': 832000, 'url': 'https://video.twimg.com/ext_tw_video/743327176783650816/pu/vid/640x360/TICdPdZ9vqi_Ql9I.mp4'}, {'content_type': 'video/mp4', 'bitrate': 320000, 'url': 'https://video.twimg.com/ext_tw_video/743327176783650816/pu/vid/320x180/V-bl03tuC6eru7Et.mp4'}, {'content_type': 'video/mp4', 'bitrate': 2176000, 'url': 'https://video.twimg.com/ext_tw_video/743327176783650816/pu/vid/1280x720/CO2e-GRfVNaZh1XL.mp4'}, {'content_type': 'application/x-mpegURL', 'url': 'https://video.twimg.com/ext_tw_video/743327176783650816/pu/pl/xhZXEGY3u3-fPtVu.m3u8'}], 'aspect_ratio': [16, 9], 'duration_millis': 17760}, 'display_url': 'pic.twitter.com/AqRTENSxS3'}]}, 'favorited': False, 'possibly_sensitive': False, 'lang': 'ru', 'created_at': 'Tue Nov 01 16:10:57 +0000 2016', 'favorite_count': 0, 'in_reply_to_user_id': None, 'contributors': None}",False,False,False,inkaburnay,True
815160662,815160662,wazuann,,,,1,5,0,2012-09-10 12:48:41,0,False,1,en,"{'in_reply_to_status_id_str': None, 'retweet_count': 0, 'source': '<a href=""http://twitter.com"" rel=""nofollow"">Twitter Web Client</a>', 'is_quote_status': False, 'in_reply_to_screen_name': None, 'id_str': '250607015443972096', 'in_reply_to_status_id': None, 'truncated': False, 'text': 'hy', 'coordinates': None, 'geo': None, 'entities': {'hashtags': [], 'symbols': [], 'urls': [], 'user_mentions': []}, 'in_reply_to_user_id_str': None, 'place': None, 'id': 250607015443972096, 'retweeted': False, 'favorited': False, 'lang': 'und', 'created_at': 'Tue Sep 25 14:45:43 +0000 2012', 'favorite_count': 0, 'in_reply_to_user_id': None, 'contributors': None}",True,False,False,azuann,True
4821525639,4821525639,Tanneh24,,,,13,516,0,2016-01-17 17:16:50,1,False,1,en,"{'in_reply_to_status_id_str': None, 'retweet_count': 0, 'source': '<a href=""http://www.mplusrewards.com"" rel=""nofollow"">mPLUS Rewards</a>', 'is_quote_status': False, 'in_reply_to_screen_name': None, 'id_str': '702852852507680768', 'in_reply_to_status_id': None, 'truncated': False, 'text': ""I'm earning #mPLUSRewards in Family Feud 2 Android. https://t.co/1MaB5roOyz"", 'coordinates': None, 'geo': None, 'entities': {'hashtags': [{'text': 'mPLUSRewards', 'indices': [12, 25]}], 'symbols': [], 'urls': [{'indices': [52, 75], 'display_url': 'getm.pt/6k2b5c', 'expanded_url': 'http://getm.pt/6k2b5c', 'url': 'https://t.co/1MaB5roOyz'}], 'user_mentions': []}, 'in_reply_to_user_id_str': None, 'place': None, 'id': 702852852507680768, 'retweeted': False, 'favorited': False, 'possibly_sensitive': False, 'lang': 'en', 'created_at': 'Thu Feb 25 13:49:13 +0000 2016', 'favorite_count': 1, 'in_reply_to_user_id': None, 'contributors': None}",True,False,True,Carina Sibley,True
150861340,150861340,huero15,,,,3,276,0,2010-06-02 01:00:08,0,False,2,en,"{'in_reply_to_status_id_str': None, 'retweeted_status': {'in_reply_to_status_id_str': None, 'retweet_count': 1, 'source': '<a href=""http://twitter.com"" rel=""nofollow"">Twitter Web Client</a>', 'is_quote_status': False, 'in_reply_to_screen_name': None, 'id_str': '15215521955', 'in_reply_to_status_id': None, 'truncated': False, 'text': 'Only four class sessions left...and a ton of work yet to accomplish...', 'coordinates': None, 'geo': None, 'entities': {'hashtags': [], 'symbols': [], 'urls': [], 'user_mentions': []}, 'in_reply_to_user_id_str': None, 'place': None, 'id': 15215521955, 'retweeted': False, 'favorited': False, 'lang': 'en', 'created_at': 'Wed Jun 02 00:48:14 +0000 2010', 'favorite_count': 0, 'in_reply_to_user_id': None, 'contributors': None}, 'source': '<a href=""http://twitter.com"" rel=""nofollow"">Twitter Web Client</a>', 'is_quote_status': False, 'in_reply_to_screen_name': None, 'retweet_count': 1, 'id_str': '15216479637', 'in_reply_to_status_id': None, 'truncated': False, 'text': 'RT @HoyEnglish: Only four class sessions left...and a ton of work yet to accomplish...', 'coordinates': None, 'geo': None, 'entities': {'hashtags': [], 'symbols': [], 'urls': [], 'user_mentions': [{'id': 73905288, 'name': 'Jennifer Hoy', 'indices': [3, 14], 'screen_name': 'HoyEnglish', 'id_str': '73905288'}]}, 'in_reply_to_user_id_str': None, 'place': None, 'id': 15216479637, 'retweeted': False, 'favorited': False, 'lang': 'en', 'created_at': 'Wed Jun 02 01:04:14 +0000 2010', 'favorite_count': 0, 'in_reply_to_user_id': None, 'contributors': None}",True,True,False,german lopez,True
555170701,555170701,smithlovingyou,"Lagos, shomolu,31 olabiran ",Am easy going and I believe what goes around comes around,,28,1563,0,2012-04-16 14:35:25,19,False,67,en,"{'in_reply_to_status_id_str': None, 'retweet_count': 0, 'source': '<a href=""http://twitter.com/download/android"" rel=""nofollow"">Twitter for Android</a>', 'is_quote_status': False, 'in_reply_to_screen_name': 'KilluaMontaoto', 'id_str': '794841127019020288', 'in_reply_to_status_id': None, 'truncated': False, 'text': '@KilluaMontaoto thanks for following', 'coordinates': None, 'geo': None, 'entities': {'hashtags': [], 'symbols': [], 'urls': [], 'user_mentions': [{'id': 788795096032391168, 'name': 'Killua Montaoto', 'indices': [0, 15], 'screen_name': 'KilluaMontaoto', 'id_str': '788795096032391168'}]}, 'in_reply_to_user_id_str': '788795096032391168', 'place': None, 'id': 794841127019020288, 'retweeted': False, 'favorited': False, 'lang': 'en', 'created_at': 'Sat Nov 05 09:57:46 +0000 2016', 'favorite_count': 0, 'in_reply_to_user_id': 788795096032391168, 'contributors': None}",True,False,False,Macaulay gbolahan,True
387251448,387251448,Amarnath008,,,,2,410,0,2011-10-08 18:35:15,0,False,1,en,"{'in_reply_to_status_id_str': None, 'retweet_count': 0, 'source': '<a href=""http://mobile.twitter.com"" rel=""nofollow"">Mobile Web</a>', 'is_quote_status': False, 'in_reply_to_screen_name': None, 'id_str': '122743968315359232', 'in_reply_to_status_id': None, 'truncated': False, 'text': 'Dood maango ge tau kheer denge kashmir maango tau cheer denge- Maa tujhe salam', 'coordinates': None, 'geo': None, 'entities': {'hashtags': [], 'symbols': [], 'urls': [], 'user_mentions': []}, 'in_reply_to_user_id_str': None, 'place': None, 'id': 122743968315359232, 'retweeted': False, 'favorited': False, 'lang': 'hi', 'created_at': 'Sat Oct 08 18:43:37 +0000 2011', 'favorite_count': 0, 'in_reply_to_user_id': None, 'contributors': None}",True,True,False,Amarnath,True
599778486,599778486,hernandez01234,,,,1,28,0,2012-06-05 00:51:37,1,False,5,en,"{'in_reply_to_status_id_str': None, 'retweet_count': 0, 'source': '<a href=""http://www.twitter.com"" rel=""nofollow"">Twitter for Windows Phone</a>', 'is_quote_status': False, 'in_reply_to_screen_name': None, 'id_str': '209815481132126208', 'in_reply_to_status_id': None, 'truncated': False, 'text': ""I won't big show to lose"", 'coordinates': None, 'geo': None, 'entities': {'hashtags': [], 'symbols': [], 'urls': [], 'user_mentions': []}, 'in_reply_to_user_id_str': None, 'place': None, 'id': 209815481132126208, 'retweeted': False, 'favorited': False, 'lang': 'en', 'created_at': 'Tue Jun 05 01:14:43 +0000 2012', 'favorite_count': 1, 'in_reply_to_user_id': None, 'contributors': None}",True,True,False,jesus hernandez,True
3033069338,3033069338,dostisagar,,,,3,282,0,2015-02-20 16:25:32,0,False,1,en,"{'in_reply_to_status_id_str': None, 'retweet_count': 0, 'source': '<a href=""http://triangle.gs"" rel=""nofollow"">Triangle.gs</a>', 'is_quote_status': False, 'in_reply_to_screen_name': None, 'id_str': '568808698681921536', 'in_reply_to_status_id': None, 'truncated': False, 'text': 'Getting a free server compliments of @Trianglegs! Get yours at http://t.co/XKRH90SYMq', 'coordinates': None, 'geo': None, 'entities': {'hashtags': [], 'symbols': [], 'urls': [{'indices': [63, 85], 'display_url': 'triangle.gs', 'expanded_url': 'http://triangle.gs', 'url': 'http://t.co/XKRH90SYMq'}], 'user_mentions': [{'id': 2285395602, 'name': 'Triangle.gs', 'indices': [37, 48], 'screen_name': 'trianglegs', 'id_str': '2285395602'}]}, 'in_reply_to_user_id_str': None, 'place': None, 'id': 568808698681921536, 'retweeted': False, 'favorited': False, 'possibly_sensitive': False, 'lang': 'en', 'created_at': 'Fri Feb 20 16:25:36 +0000 2015', 'favorite_count': 0, 'in_reply_to_user_id': None, 'contributors': None}",True,True,False,dostisagar,True
377742153,377742153,Come_in_get_it,Miami FL,Money Making Opportunities,http://t.co/CKpE7jLRu1,133,312,0,2011-09-22 01:36:03,1,False,15,en,"{'in_reply_to_status_id_str': None, 'retweet_count': 0, 'source': '<a href=""http://www.livemixtapes.com/"" rel=""nofollow"">Get It LIVE!</a>', 'is_quote_status': False, 'in_reply_to_screen_name': None, 'id_str': '342628456066064387', 'in_reply_to_status_id': None, 'truncated': False, 'text': '[Mixtape] Soulja Boy - LOUD :: Get It LIVE! http://t.co/XNuuII6qbI @LiveMixtapes @SouljaBoy', 'coordinates': None, 'geo': None, 'entities': {'hashtags': [], 'symbols': [], 'urls': [{'indices': [44, 66], 'display_url': 'livemixtap.es/fny', 'expanded_url': 'http://livemixtap.es/fny', 'url': 'http://t.co/XNuuII6qbI'}], 'user_mentions': [{'id': 19942991, 'name': 'LIVEMIXTAPES.COM', 'indices': [67, 80], 'screen_name': 'LiveMixtapes', 'id_str': '19942991'}, {'id': 16827333, 'name': 'Soulja Boy', 'indices': [81, 91], 'screen_name': 'souljaboy', 'id_str': '16827333'}]}, 'in_reply_to_user_id_str': None, 'place': None, 'id': 342628456066064387, 'retweeted': False, 'favorited': False, 'possibly_sensitive': False, 'lang': 'en', 'created_at': 'Thu Jun 06 13:06:04 +0000 2013', 'favorite_count': 0, 'in_reply_to_user_id': None, 'contributors': None}",False,False,False,Jade Omaley,True
827289655,827289655,Pvt_Iron94,"Roma, Italy",Il valore di uomo si misura dalla sua capacit√† di riuscire a fare la differenza.,,11,712,0,2012-09-16 15:30:41,2,False,30,it,"{'in_reply_to_status_id_str': '378149839348850688', 'retweet_count': 0, 'source': '<a href=""http://twitter.com/download/android"" rel=""nofollow"">Twitter for Android</a>', 'is_quote_status': False, 'in_reply_to_screen_name': 'yotobi', 'id_str': '378266345563250688', 'in_reply_to_status_id': 378149839348850688, 'truncated': False, 'text': '@yotobi Ci ho rinunciato. Mi limito ad aspettare che lo chiedano con lo sguardo.', 'coordinates': None, 'geo': None, 'entities': {'hashtags': [], 'symbols': [], 'urls': [], 'user_mentions': [{'id': 94564219, 'name': 'Karim Musa', 'indices': [0, 7], 'screen_name': 'yotobi', 'id_str': '94564219'}]}, 'in_reply_to_user_id_str': '94564219', 'place': None, 'id': 378266345563250688, 'retweeted': False, 'favorited': False, 'lang': 'it', 'created_at': 'Thu Sep 12 21:18:19 +0000 2013', 'favorite_count': 0, 'in_reply_to_user_id': 94564219, 'contributors': None}",True,True,False,Emanuele Sottili,True
864185796,864185796,PrinceTuttle,,Just Keep Moving Forward,,61,248,0,2012-10-06 05:40:03,225,False,715,en,"{'in_reply_to_status_id_str': None, 'retweeted_status': {'in_reply_to_status_id_str': None, 'retweet_count': 11579, 'source': '<a href=""http://twitter.com/download/iphone"" rel=""nofollow"">Twitter for iPhone</a>', 'is_quote_status': True, 'in_reply_to_screen_name': None, 'id_str': '824759539241205761', 'in_reply_to_status_id': None, 'truncated': False, 'text': ""If you haven't heard @LeiLaDey you fuckin up!! üî•üî•üíØüôå https://t.co/6LpQ6lZQwi"", 'coordinates': None, 'quoted_status_id': 820017475102380032, 'geo': None, 'entities': {'hashtags': [], 'symbols': [], 'urls': [{'indices': [52, 75], 'display_url': 'twitter.com/leiladey/statu‚Ä¶', 'expanded_url': 'https://twitter.com/leiladey/status/820017475102380032', 'url': 'https://t.co/6LpQ6lZQwi'}], 'user_mentions': [{'id': 18617668, 'name': 'Leila Dey', 'indices': [21, 30], 'screen_name': 'leiladey', 'id_str': '18617668'}]}, 'in_reply_to_user_id_str': None, 'place': None, 'possibly_sensitive': False, 'id': 824759539241205761, 'retweeted': False, 'favorited': False, 'quoted_status_id_str': '820017475102380032', 'lang': 'en', 'favorite_count': 8817, 'created_at': 'Thu Jan 26 23:22:52 +0000 2017', 'in_reply_to_user_id': None, 'contributors': None}, 'source': '<a href=""http://twitter.com/download/iphone"" rel=""nofollow"">Twitter for iPhone</a>', 'is_quote_status': True, 'in_reply_to_screen_name': None, 'retweet_count': 11579, 'id_str': '824764020028735488', 'in_reply_to_status_id': None, 'truncated': False, 'text': ""RT @yung__hentaii: If you haven't heard @LeiLaDey you fuckin up!! üî•üî•üíØüôå https://t.co/6LpQ6lZQwi"", 'coordinates': None, 'quoted_status_id': 820017475102380032, 'geo': None, 'entities': {'hashtags': [], 'symbols': [], 'urls': [{'indices': [71, 94], 'display_url': 'twitter.com/leiladey/statu‚Ä¶', 'expanded_url': 'https://twitter.com/leiladey/status/820017475102380032', 'url': 'https://t.co/6LpQ6lZQwi'}], 'user_mentions': [{'id': 3581809107, 'name': 'BEATRIXX', 'indices': [3, 17], 'screen_name': 'yung__hentaii', 'id_str': '3581809107'}, {'id': 18617668, 'name': 'Leila Dey', 'indices': [40, 49], 'screen_name': 'leiladey', 'id_str': '18617668'}]}, 'in_reply_to_user_id_str': None, 'place': None, 'possibly_sensitive': False, 'id': 824764020028735488, 'retweeted': False, 'favorited': False, 'quoted_status_id_str': '820017475102380032', 'lang': 'en', 'created_at': 'Thu Jan 26 23:40:40 +0000 2017', 'favorite_count': 0, 'in_reply_to_user_id': None, 'contributors': None}",True,False,False,J.A.K.E,True
413258359,413258359,DevaldKiss,,,,19,966,0,2011-11-15 17:28:59,4,False,7,hu,"{'in_reply_to_status_id_str': None, 'retweeted_status': {'in_reply_to_status_id_str': None, 'retweet_count': 4505, 'source': '<a href=""http://twitter.com"" rel=""nofollow"">Twitter Web Client</a>', 'is_quote_status': False, 'in_reply_to_screen_name': None, 'id_str': '728620255665213440', 'in_reply_to_status_id': None, 'truncated': False, 'text': ""We're doing a month-long giveaway, new prizes every week. 1st week sponsored by @LogitechG: \nhttps://t.co/ADNxYump6r https://t.co/W7PAswEo9h"", 'coordinates': None, 'geo': None, 'entities': {'hashtags': [], 'symbols': [], 'urls': [{'indices': [93, 116], 'display_url': 'sdqk.me/Ag39w9SU-PFWDq‚Ä¶', 'expanded_url': 'https://sdqk.me/Ag39w9SU-PFWDq3ai/ultimate-tsm-giveaway-2016#/enter', 'url': 'https://t.co/ADNxYump6r'}], 'media': [{'display_url': 'pic.twitter.com/W7PAswEo9h', 'media_url': 'http://pbs.twimg.com/media/ChyUQrkVIAEKvQh.jpg', 'indices': [117, 140], 'url': 'https://t.co/W7PAswEo9h', 'id': 728620254021099521, 'media_url_https': 'https://pbs.twimg.com/media/ChyUQrkVIAEKvQh.jpg', 'type': 'photo', 'sizes': {'large': {'resize': 'fit', 'w': 1024, 'h': 575}, 'medium': {'resize': 'fit', 'w': 600, 'h': 337}, 'small': {'resize': 'fit', 'w': 340, 'h': 191}, 'thumb': {'resize': 'crop', 'w': 150, 'h': 150}}, 'id_str': '728620254021099521', 'expanded_url': 'https://twitter.com/TeamSoloMid/status/728620255665213440/photo/1'}], 'user_mentions': [{'id': 571206183, 'name': 'LogitechG', 'indices': [80, 90], 'screen_name': 'LogitechG', 'id_str': '571206183'}]}, 'in_reply_to_user_id_str': None, 'place': None, 'id': 728620255665213440, 'retweeted': False, 'extended_entities': {'media': [{'display_url': 'pic.twitter.com/W7PAswEo9h', 'media_url': 'http://pbs.twimg.com/media/ChyUQrkVIAEKvQh.jpg', 'indices': [117, 140], 'url': 'https://t.co/W7PAswEo9h', 'id': 728620254021099521, 'media_url_https': 'https://pbs.twimg.com/media/ChyUQrkVIAEKvQh.jpg', 'type': 'photo', 'sizes': {'large': {'resize': 'fit', 'w': 1024, 'h': 575}, 'medium': {'resize': 'fit', 'w': 600, 'h': 337}, 'small': {'resize': 'fit', 'w': 340, 'h': 191}, 'thumb': {'resize': 'crop', 'w': 150, 'h': 150}}, 'id_str': '728620254021099521', 'expanded_url': 'https://twitter.com/TeamSoloMid/status/728620255665213440/photo/1'}]}, 'favorited': False, 'possibly_sensitive': False, 'lang': 'en', 'created_at': 'Fri May 06 16:19:40 +0000 2016', 'favorite_count': 9665, 'in_reply_to_user_id': None, 'contributors': None}, 'source': '<a href=""http://www.sideqik.com"" rel=""nofollow"">Sideqik</a>', 'is_quote_status': False, 'in_reply_to_screen_name': None, 'retweet_count': 4505, 'id_str': '737961889280499712', 'in_reply_to_status_id': None, 'truncated': False, 'text': ""RT @TeamSoloMid: We're doing a month-long giveaway, new prizes every week. 1st week sponsored by @LogitechG: \nhttps://t.co/ADNxYump6r https‚Ä¶"", 'coordinates': None, 'geo': None, 'entities': {'hashtags': [], 'symbols': [], 'urls': [{'indices': [110, 133], 'display_url': 'sdqk.me/Ag39w9SU-PFWDq‚Ä¶', 'expanded_url': 'https://sdqk.me/Ag39w9SU-PFWDq3ai/ultimate-tsm-giveaway-2016#/enter', 'url': 'https://t.co/ADNxYump6r'}], 'user_mentions': [{'id': 286505380, 'name': 'Team SoloMid', 'indices': [3, 15], 'screen_name': 'TeamSoloMid', 'id_str': '286505380'}, {'id': 571206183, 'name': 'LogitechG', 'indices': [97, 107], 'screen_name': 'LogitechG', 'id_str': '571206183'}]}, 'in_reply_to_user_id_str': None, 'place': None, 'id': 737961889280499712, 'retweeted': False, 'favorited': False, 'possibly_sensitive': False, 'lang': 'en', 'created_at': 'Wed Jun 01 10:59:59 +0000 2016', 'favorite_count': 0, 'in_reply_to_user_id': None, 'contributors': None}",True,False,False,Dev,True
409859016,409859016,RiccardoZambito,,,,12,631,0,2011-11-11 09:43:29,3,False,1,it,"{'in_reply_to_status_id_str': None, 'retweet_count': 0, 'source': '<a href=""https://dev.twitter.com/docs/tfw"" rel=""nofollow"">Twitter for Websites</a>', 'is_quote_status': False, 'in_reply_to_screen_name': None, 'id_str': '159555796169011200', 'in_reply_to_status_id': None, 'truncated': False, 'text': 'Immobile interessante! che ne pensi? via @trovit_italia http://t.co/giuEO4Qk', 'coordinates': None, 'geo': None, 'entities': {'hashtags': [], 'symbols': [], 'urls': [{'indices': [56, 76], 'display_url': 'case.trovit.it/index.php/cod.‚Ä¶', 'expanded_url': 'http://case.trovit.it/index.php/cod.ad/id.1e3I161_L1L1T', 'url': 'http://t.co/giuEO4Qk'}], 'user_mentions': [{'id': 20232639, 'name': 'Trovit Italia', 'indices': [41, 55], 'screen_name': 'trovit_italia', 'id_str': '20232639'}]}, 'in_reply_to_user_id_str': None, 'place': None, 'id': 159555796169011200, 'retweeted': False, 'favorited': False, 'possibly_sensitive': False, 'lang': 'it', 'created_at': 'Wed Jan 18 08:40:40 +0000 2012', 'favorite_count': 1, 'in_reply_to_user_id': None, 'contributors': None}",True,True,False,Riccardo Zambito,True
246277239,246277239,jessigrado,asturias,,,46,2214,0,2011-02-02 14:01:03,10,False,10,es,"{'in_reply_to_status_id_str': None, 'retweeted_status': {'in_reply_to_status_id_str': None, 'retweet_count': 7, 'source': '<a href=""https://twitter.com/download/android"" rel=""nofollow"">Twitter for  Android</a>', 'is_quote_status': False, 'in_reply_to_screen_name': None, 'id_str': '470560563475808256', 'in_reply_to_status_id': None, 'truncated': False, 'text': 'Bronce en el campeonato de Espa√±a de clubs! :) @sarywiki @jessigrado #Raquel http://t.co/TsF0TqjOXD', 'coordinates': None, 'geo': None, 'entities': {'hashtags': [{'text': 'Raquel', 'indices': [69, 76]}], 'symbols': [], 'urls': [], 'media': [{'display_url': 'pic.twitter.com/TsF0TqjOXD', 'media_url': 'http://pbs.twimg.com/media/BofEVj_CQAM0TAD.jpg', 'indices': [77, 99], 'url': 'http://t.co/TsF0TqjOXD', 'id': 470560560799432707, 'media_url_https': 'https://pbs.twimg.com/media/BofEVj_CQAM0TAD.jpg', 'type': 'photo', 'sizes': {'large': {'resize': 'fit', 'w': 800, 'h': 600}, 'medium': {'resize': 'fit', 'w': 600, 'h': 450}, 'small': {'resize': 'fit', 'w': 340, 'h': 255}, 'thumb': {'resize': 'crop', 'w': 150, 'h': 150}}, 'id_str': '470560560799432707', 'expanded_url': 'https://twitter.com/ccrisccastro/status/470560563475808256/photo/1'}], 'user_mentions': [{'id': 570195992, 'name': 'Sary', 'indices': [47, 56], 'screen_name': 'sarywiki', 'id_str': '570195992'}, {'id': 246277239, 'name': 'Jessica granda', 'indices': [57, 68], 'screen_name': 'jessigrado', 'id_str': '246277239'}]}, 'in_reply_to_user_id_str': None, 'place': None, 'id': 470560563475808256, 'retweeted': False, 'extended_entities': {'media': [{'display_url': 'pic.twitter.com/TsF0TqjOXD', 'media_url': 'http://pbs.twimg.com/media/BofEVj_CQAM0TAD.jpg', 'indices': [77, 99], 'url': 'http://t.co/TsF0TqjOXD', 'id': 470560560799432707, 'media_url_https': 'https://pbs.twimg.com/media/BofEVj_CQAM0TAD.jpg', 'type': 'photo', 'sizes': {'large': {'resize': 'fit', 'w': 800, 'h': 600}, 'medium': {'resize': 'fit', 'w': 600, 'h': 450}, 'small': {'resize': 'fit', 'w': 340, 'h': 255}, 'thumb': {'resize': 'crop', 'w': 150, 'h': 150}}, 'id_str': '470560560799432707', 'expanded_url': 'https://twitter.com/ccrisccastro/status/470560563475808256/photo/1'}]}, 'favorited': False, 'possibly_sensitive': False, 'lang': 'es', 'created_at': 'Sun May 25 13:42:35 +0000 2014', 'favorite_count': 11, 'in_reply_to_user_id': None, 'contributors': None}, 'source': '<a href=""http://twitter.com/download/iphone"" rel=""nofollow"">Twitter for iPhone</a>', 'is_quote_status': False, 'in_reply_to_screen_name': None, 'retweet_count': 7, 'id_str': '470914812332216320', 'in_reply_to_status_id': None, 'truncated': False, 'text': 'RT @ccrisccastro: Bronce en el campeonato de Espa√±a de clubs! :) @sarywiki @jessigrado #Raquel http://t.co/TsF0TqjOXD', 'coordinates': None, 'geo': None, 'entities': {'hashtags': [{'text': 'Raquel', 'indices': [87, 94]}], 'symbols': [], 'urls': [], 'media': [{'source_status_id_str': '470560563475808256', 'media_url': 'http://pbs.twimg.com/media/BofEVj_CQAM0TAD.jpg', 'indices': [95, 117], 'id': 470560560799432707, 'source_user_id_str': '328229916', 'sizes': {'large': {'resize': 'fit', 'w': 800, 'h': 600}, 'medium': {'resize': 'fit', 'w': 600, 'h': 450}, 'small': {'resize': 'fit', 'w': 340, 'h': 255}, 'thumb': {'resize': 'crop', 'w': 150, 'h': 150}}, 'id_str': '470560560799432707', 'source_user_id': 328229916, 'source_status_id': 470560563475808256, 'expanded_url': 'https://twitter.com/ccrisccastro/status/470560563475808256/photo/1', 'url': 'http://t.co/TsF0TqjOXD', 'media_url_https': 'https://pbs.twimg.com/media/BofEVj_CQAM0TAD.jpg', 'type': 'photo', 'display_url': 'pic.twitter.com/TsF0TqjOXD'}], 'user_mentions': [{'id': 328229916, 'name': 'Cris Castro', 'indices': [3, 16], 'screen_name': 'ccrisccastro', 'id_str': '328229916'}, {'id': 570195992, 'name': 'Sary', 'indices': [65, 74], 'screen_name': 'sarywiki', 'id_str': '570195992'}, {'id': 246277239, 'name': 'Jessica granda', 'indices': [75, 86], 'screen_name': 'jessigrado', 'id_str': '246277239'}]}, 'in_reply_to_user_id_str': None, 'place': None, 'id': 470914812332216320, 'retweeted': False, 'extended_entities': {'media': [{'source_status_id_str': '470560563475808256', 'media_url': 'http://pbs.twimg.com/media/BofEVj_CQAM0TAD.jpg', 'indices': [95, 117], 'id': 470560560799432707, 'source_user_id_str': '328229916', 'sizes': {'large': {'resize': 'fit', 'w': 800, 'h': 600}, 'medium': {'resize': 'fit', 'w': 600, 'h': 450}, 'small': {'resize': 'fit', 'w': 340, 'h': 255}, 'thumb': {'resize': 'crop', 'w': 150, 'h': 150}}, 'id_str': '470560560799432707', 'source_user_id': 328229916, 'source_status_id': 470560563475808256, 'expanded_url': 'https://twitter.com/ccrisccastro/status/470560563475808256/photo/1', 'url': 'http://t.co/TsF0TqjOXD', 'media_url_https': 'https://pbs.twimg.com/media/BofEVj_CQAM0TAD.jpg', 'type': 'photo', 'display_url': 'pic.twitter.com/TsF0TqjOXD'}]}, 'favorited': False, 'possibly_sensitive': False, 'lang': 'es', 'created_at': 'Mon May 26 13:10:15 +0000 2014', 'favorite_count': 0, 'in_reply_to_user_id': None, 'contributors': None}",True,False,False,Jessica granda,True
625647348,625647348,JamesCZE,,,,2,178,0,2012-07-03 13:45:23,0,False,5,en,"{'in_reply_to_status_id_str': None, 'retweeted_status': {'in_reply_to_status_id_str': None, 'retweet_count': 69, 'source': '<a href=""http://twitter.com"" rel=""nofollow"">Twitter Web Client</a>', 'is_quote_status': False, 'in_reply_to_screen_name': None, 'id_str': '639609803149410304', 'in_reply_to_status_id': None, 'truncated': False, 'text': 'StatTrak AWP | Worm God Giveaway on the 15th! Follow and RT to enter! http://t.co/1WdMGD6iBu', 'coordinates': None, 'geo': None, 'entities': {'hashtags': [], 'symbols': [], 'urls': [], 'media': [{'display_url': 'pic.twitter.com/1WdMGD6iBu', 'media_url': 'http://pbs.twimg.com/media/COBZugiU8AAHbaw.png', 'indices': [70, 92], 'url': 'http://t.co/1WdMGD6iBu', 'id': 639609802629378048, 'media_url_https': 'https://pbs.twimg.com/media/COBZugiU8AAHbaw.png', 'type': 'photo', 'sizes': {'thumb': {'resize': 'crop', 'w': 150, 'h': 150}, 'large': {'resize': 'fit', 'w': 694, 'h': 419}, 'small': {'resize': 'fit', 'w': 340, 'h': 205}, 'medium': {'resize': 'fit', 'w': 600, 'h': 362}}, 'id_str': '639609802629378048', 'expanded_url': 'https://twitter.com/CSGO_Bank_Bot/status/639609803149410304/photo/1'}], 'user_mentions': []}, 'in_reply_to_user_id_str': None, 'place': None, 'id': 639609803149410304, 'retweeted': False, 'extended_entities': {'media': [{'display_url': 'pic.twitter.com/1WdMGD6iBu', 'media_url': 'http://pbs.twimg.com/media/COBZugiU8AAHbaw.png', 'indices': [70, 92], 'url': 'http://t.co/1WdMGD6iBu', 'id': 639609802629378048, 'media_url_https': 'https://pbs.twimg.com/media/COBZugiU8AAHbaw.png', 'type': 'photo', 'sizes': {'thumb': {'resize': 'crop', 'w': 150, 'h': 150}, 'large': {'resize': 'fit', 'w': 694, 'h': 419}, 'small': {'resize': 'fit', 'w': 340, 'h': 205}, 'medium': {'resize': 'fit', 'w': 600, 'h': 362}}, 'id_str': '639609802629378048', 'expanded_url': 'https://twitter.com/CSGO_Bank_Bot/status/639609803149410304/photo/1'}]}, 'favorited': False, 'possibly_sensitive': False, 'lang': 'en', 'created_at': 'Fri Sep 04 01:23:55 +0000 2015', 'favorite_count': 28, 'in_reply_to_user_id': None, 'contributors': None}, 'source': '<a href=""http://twitter.com"" rel=""nofollow"">Twitter Web Client</a>', 'is_quote_status': False, 'in_reply_to_screen_name': None, 'retweet_count': 69, 'id_str': '640981635681247233', 'in_reply_to_status_id': None, 'truncated': False, 'text': 'RT @CSGO_Bank_Bot: StatTrak AWP | Worm God Giveaway on the 15th! Follow and RT to enter! http://t.co/1WdMGD6iBu', 'coordinates': None, 'geo': None, 'entities': {'hashtags': [], 'symbols': [], 'urls': [], 'media': [{'source_status_id_str': '639609803149410304', 'media_url': 'http://pbs.twimg.com/media/COBZugiU8AAHbaw.png', 'indices': [89, 111], 'id': 639609802629378048, 'source_user_id_str': '3368032689', 'sizes': {'thumb': {'resize': 'crop', 'w': 150, 'h': 150}, 'large': {'resize': 'fit', 'w': 694, 'h': 419}, 'small': {'resize': 'fit', 'w': 340, 'h': 205}, 'medium': {'resize': 'fit', 'w': 600, 'h': 362}}, 'id_str': '639609802629378048', 'source_user_id': 3368032689, 'source_status_id': 639609803149410304, 'expanded_url': 'https://twitter.com/CSGO_Bank_Bot/status/639609803149410304/photo/1', 'url': 'http://t.co/1WdMGD6iBu', 'media_url_https': 'https://pbs.twimg.com/media/COBZugiU8AAHbaw.png', 'type': 'photo', 'display_url': 'pic.twitter.com/1WdMGD6iBu'}], 'user_mentions': [{'id': 3368032689, 'name': 'Socius Gaming', 'indices': [3, 17], 'screen_name': 'CSGO_Bank_Bot', 'id_str': '3368032689'}]}, 'in_reply_to_user_id_str': None, 'place': None, 'id': 640981635681247233, 'retweeted': False, 'extended_entities': {'media': [{'source_status_id_str': '639609803149410304', 'media_url': 'http://pbs.twimg.com/media/COBZugiU8AAHbaw.png', 'indices': [89, 111], 'id': 639609802629378048, 'source_user_id_str': '3368032689', 'sizes': {'thumb': {'resize': 'crop', 'w': 150, 'h': 150}, 'large': {'resize': 'fit', 'w': 694, 'h': 419}, 'small': {'resize': 'fit', 'w': 340, 'h': 205}, 'medium': {'resize': 'fit', 'w': 600, 'h': 362}}, 'id_str': '639609802629378048', 'source_user_id': 3368032689, 'source_status_id': 639609803149410304, 'expanded_url': 'https://twitter.com/CSGO_Bank_Bot/status/639609803149410304/photo/1', 'url': 'http://t.co/1WdMGD6iBu', 'media_url_https': 'https://pbs.twimg.com/media/COBZugiU8AAHbaw.png', 'type': 'photo', 'display_url': 'pic.twitter.com/1WdMGD6iBu'}]}, 'favorited': False, 'possibly_sensitive': False, 'lang': 'en', 'created_at': 'Mon Sep 07 20:15:05 +0000 2015', 'favorite_count': 0, 'in_reply_to_user_id': None, 'contributors': None}",True,True,False,James Novak,True
971148710,971148710,TaylorHatcher7,Gibson NC,,,8,294,0,2012-11-26 01:57:59,0,False,19,en,"{'in_reply_to_status_id_str': None, 'retweet_count': 0, 'source': '<a href=""http://instagram.com"" rel=""nofollow"">Instagram</a>', 'is_quote_status': False, 'in_reply_to_screen_name': None, 'id_str': '402623332803432448', 'in_reply_to_status_id': None, 'truncated': False, 'text': ""I can't live without you baby. http://t.co/NUYWA724Aw"", 'coordinates': None, 'geo': None, 'entities': {'hashtags': [], 'symbols': [], 'urls': [{'indices': [31, 53], 'display_url': 'instagram.com/p/g4RvW-KzOe/', 'expanded_url': 'http://instagram.com/p/g4RvW-KzOe/', 'url': 'http://t.co/NUYWA724Aw'}], 'user_mentions': []}, 'in_reply_to_user_id_str': None, 'place': None, 'id': 402623332803432448, 'retweeted': False, 'favorited': False, 'possibly_sensitive': False, 'lang': 'en', 'created_at': 'Tue Nov 19 02:24:17 +0000 2013', 'favorite_count': 0, 'in_reply_to_user_id': None, 'contributors': None}",False,False,False,Taylor Hatcher,True
255608323,255608323,Ebanus2011,,,,3,280,0,2011-02-21 18:21:32,0,False,5,es,"{'in_reply_to_status_id_str': None, 'retweet_count': 0, 'source': '<a href=""https://dev.twitter.com/docs/tfw"" rel=""nofollow"">Twitter for Websites</a>', 'is_quote_status': False, 'in_reply_to_screen_name': None, 'id_str': '417569999763419136', 'in_reply_to_status_id': None, 'truncated': False, 'text': 'http://t.co/AiXbagDW8A nnnnnn', 'coordinates': None, 'geo': None, 'entities': {'hashtags': [], 'symbols': [], 'urls': [{'indices': [0, 22], 'display_url': 'everg0n.com/toontrack-meta‚Ä¶', 'expanded_url': 'http://www.everg0n.com/toontrack-metal-machine-serial-number/', 'url': 'http://t.co/AiXbagDW8A'}], 'user_mentions': []}, 'in_reply_to_user_id_str': None, 'place': None, 'id': 417569999763419136, 'retweeted': False, 'favorited': False, 'possibly_sensitive': False, 'lang': 'und', 'created_at': 'Mon Dec 30 08:17:00 +0000 2013', 'favorite_count': 0, 'in_reply_to_user_id': None, 'contributors': None}",True,True,False,Federico Ya√±ez,True
2265170902,2265170902,3110Ayesha,,,,8,942,0,2014-01-06 12:25:06,4,False,8,en,"{'in_reply_to_status_id_str': None, 'retweeted_status': {'in_reply_to_status_id_str': None, 'retweet_count': 61, 'source': '<a href=""http://instagram.com"" rel=""nofollow"">Instagram</a>', 'is_quote_status': False, 'in_reply_to_screen_name': None, 'id_str': '814651149739507712', 'in_reply_to_status_id': None, 'truncated': False, 'text': 'Scratching my head at 2016. Looking forward to New Year @wagnerlaphoto #shirtlessguys‚Ä¶ https://t.co/9pe8Uq1CTQ', 'coordinates': None, 'geo': None, 'entities': {'hashtags': [{'text': 'shirtlessguys', 'indices': [71, 85]}], 'symbols': [], 'urls': [{'indices': [87, 110], 'display_url': 'instagram.com/p/BOn6T9TDgUq/', 'expanded_url': 'https://www.instagram.com/p/BOn6T9TDgUq/', 'url': 'https://t.co/9pe8Uq1CTQ'}], 'user_mentions': [{'id': 201360032, 'name': 'wagnerLA', 'indices': [56, 70], 'screen_name': 'wagnerlaphoto', 'id_str': '201360032'}]}, 'in_reply_to_user_id_str': None, 'place': None, 'id': 814651149739507712, 'retweeted': False, 'favorited': False, 'possibly_sensitive': False, 'lang': 'en', 'created_at': 'Fri Dec 30 01:55:44 +0000 2016', 'favorite_count': 58, 'in_reply_to_user_id': None, 'contributors': None}, 'source': '<a href=""http://twitter.com/download/iphone"" rel=""nofollow"">Twitter for iPhone</a>', 'is_quote_status': False, 'in_reply_to_screen_name': None, 'retweet_count': 61, 'id_str': '814654106648203264', 'in_reply_to_status_id': None, 'truncated': False, 'text': 'RT @jakejenseninfo: Scratching my head at 2016. Looking forward to New Year @wagnerlaphoto #shirtlessguys‚Ä¶ https://t.co/9pe8Uq1CTQ', 'coordinates': None, 'geo': None, 'entities': {'hashtags': [{'text': 'shirtlessguys', 'indices': [91, 105]}], 'symbols': [], 'urls': [{'indices': [107, 130], 'display_url': 'instagram.com/p/BOn6T9TDgUq/', 'expanded_url': 'https://www.instagram.com/p/BOn6T9TDgUq/', 'url': 'https://t.co/9pe8Uq1CTQ'}], 'user_mentions': [{'id': 1131337166, 'name': 'Jake Jensen', 'indices': [3, 18], 'screen_name': 'jakejenseninfo', 'id_str': '1131337166'}, {'id': 201360032, 'name': 'wagnerLA', 'indices': [76, 90], 'screen_name': 'wagnerlaphoto', 'id_str': '201360032'}]}, 'in_reply_to_user_id_str': None, 'place': None, 'id': 814654106648203264, 'retweeted': False, 'favorited': False, 'possibly_sensitive': False, 'lang': 'en', 'created_at': 'Fri Dec 30 02:07:29 +0000 2016', 'favorite_count': 0, 'in_reply_to_user_id': None, 'contributors': None}",True,False,False,Ayesha Saleem,True
40117390,40117390,carolbszabo,Brasil,,,43,508,0,2009-05-14 23:31:02,12,False,18,pt,"{'in_reply_to_status_id_str': None, 'retweeted_status': {'in_reply_to_status_id_str': None, 'retweet_count': 1276, 'source': '<a href=""https://about.twitter.com/products/tweetdeck"" rel=""nofollow"">TweetDeck</a>', 'is_quote_status': False, 'in_reply_to_screen_name': None, 'id_str': '808337115893366785', 'in_reply_to_status_id': None, 'truncated': False, 'text': 'quem p√µe uva passa no arroz nao passar√° dos port√µes do c√©u', 'coordinates': None, 'geo': None, 'entities': {'hashtags': [], 'symbols': [], 'urls': [], 'user_mentions': []}, 'in_reply_to_user_id_str': None, 'place': None, 'id': 808337115893366785, 'retweeted': False, 'favorited': False, 'lang': 'pt', 'created_at': 'Mon Dec 12 15:46:01 +0000 2016', 'favorite_count': 744, 'in_reply_to_user_id': None, 'contributors': None}, 'source': '<a href=""http://twitter.com/download/android"" rel=""nofollow"">Twitter for Android</a>', 'is_quote_status': False, 'in_reply_to_screen_name': None, 'retweet_count': 1276, 'id_str': '810660288953511936', 'in_reply_to_status_id': None, 'truncated': False, 'text': 'RT @recitoujesus: quem p√µe uva passa no arroz nao passar√° dos port√µes do c√©u', 'coordinates': None, 'geo': None, 'entities': {'hashtags': [], 'symbols': [], 'urls': [], 'user_mentions': [{'id': 3033572380, 'name': 'Jesus Cristo', 'indices': [3, 16], 'screen_name': 'recitoujesus', 'id_str': '3033572380'}]}, 'in_reply_to_user_id_str': None, 'place': None, 'id': 810660288953511936, 'retweeted': False, 'favorited': False, 'lang': 'pt', 'created_at': 'Mon Dec 19 01:37:28 +0000 2016', 'favorite_count': 0, 'in_reply_to_user_id': None, 'contributors': None}",False,False,True,caroline szab√≥,True
1073781648,1073781648,bunbuncicit,,,,9,1913,0,2013-01-09 13:32:53,0,False,36,en,"{'in_reply_to_status_id_str': None, 'retweet_count': 0, 'source': '<a href=""https://mobile.twitter.com"" rel=""nofollow"">Mobile Web (M2)</a>', 'is_quote_status': False, 'in_reply_to_screen_name': 'gioeco', 'id_str': '589659217591664640', 'in_reply_to_status_id': None, 'truncated': False, 'text': '@gioeco #documentary #film ""Marcus (2015)"" by Patrick Savey Available to buy at itunes http://t.co/FbMDm2r6Qp #iTunes #movie #jazz #music', 'coordinates': None, 'geo': None, 'entities': {'hashtags': [{'text': 'documentary', 'indices': [8, 20]}, {'text': 'film', 'indices': [21, 26]}, {'text': 'iTunes', 'indices': [110, 117]}, {'text': 'movie', 'indices': [118, 124]}, {'text': 'jazz', 'indices': [125, 130]}, {'text': 'music', 'indices': [131, 137]}], 'symbols': [], 'urls': [{'indices': [87, 109], 'display_url': 'goo.gl/bNJfIl', 'expanded_url': 'http://goo.gl/bNJfIl', 'url': 'http://t.co/FbMDm2r6Qp'}], 'user_mentions': [{'id': 53348126, 'name': 'Allinfo', 'indices': [0, 7], 'screen_name': 'gioeco', 'id_str': '53348126'}]}, 'in_reply_to_user_id_str': '53348126', 'place': None, 'id': 589659217591664640, 'retweeted': False, 'favorited': False, 'possibly_sensitive': False, 'lang': 'en', 'created_at': 'Sun Apr 19 05:18:07 +0000 2015', 'favorite_count': 0, 'in_reply_to_user_id': 53348126, 'contributors': None}",True,False,False,Aldi Ahabas,True
41335373,41335373,cyncaroline,"Jakarta Capital Region, Indone",I love water and sun. Running. Bellydancing. Teaching. Singing.,,337,670,5,2009-05-20 10:50:54,159,False,4396,en,"{'in_reply_to_status_id_str': None, 'retweet_count': 0, 'source': '<a href=""http://instagram.com"" rel=""nofollow"">Instagram</a>', 'is_quote_status': False, 'in_reply_to_screen_name': None, 'id_str': '788733471728500736', 'in_reply_to_status_id': None, 'truncated': False, 'text': 'Yuk, donor darah secara teratur untuk kemanusiaan dan juga kesehatan\n#PMI #PalangMerahIndonesia‚Ä¶ https://t.co/G2v1uhfwJ8', 'coordinates': None, 'geo': None, 'entities': {'hashtags': [{'text': 'PMI', 'indices': [69, 73]}, {'text': 'PalangMerahIndonesia', 'indices': [74, 95]}], 'symbols': [], 'urls': [{'indices': [97, 120], 'display_url': 'instagram.com/p/BLvwUhdATkn/', 'expanded_url': 'https://www.instagram.com/p/BLvwUhdATkn/', 'url': 'https://t.co/G2v1uhfwJ8'}], 'user_mentions': []}, 'in_reply_to_user_id_str': None, 'place': None, 'id': 788733471728500736, 'retweeted': False, 'favorited': False, 'possibly_sensitive': False, 'lang': 'in', 'created_at': 'Wed Oct 19 13:28:08 +0000 2016', 'favorite_count': 0, 'in_reply_to_user_id': None, 'contributors': None}",False,False,False,Caroline Sibuea,True
2326900405,2326900405,MarieLaureClerg,,,,7,422,1,2014-02-04 10:39:26,1,False,159,fr,"{'in_reply_to_status_id_str': None, 'retweet_count': 0, 'source': '<a href=""http://www.scoop.it"" rel=""nofollow"">Scoop.it</a>', 'is_quote_status': False, 'in_reply_to_screen_name': None, 'id_str': '809395921062658058', 'in_reply_to_status_id': None, 'truncated': False, 'text': 'L‚ÄôEurope va-t-elle tuer les DMP ? | Petit Web | @scoopit https://t.co/5JcUU7MHMC', 'coordinates': None, 'geo': None, 'entities': {'hashtags': [], 'symbols': [], 'urls': [{'indices': [57, 80], 'display_url': 'sco.lt/7os6xV', 'expanded_url': 'http://sco.lt/7os6xV', 'url': 'https://t.co/5JcUU7MHMC'}], 'user_mentions': [{'id': 209484168, 'name': 'Scoop.it', 'indices': [48, 56], 'screen_name': 'scoopit', 'id_str': '209484168'}]}, 'in_reply_to_user_id_str': None, 'place': None, 'id': 809395921062658058, 'retweeted': False, 'favorited': False, 'possibly_sensitive': False, 'lang': 'fr', 'created_at': 'Thu Dec 15 13:53:20 +0000 2016', 'favorite_count': 0, 'in_reply_to_user_id': None, 'contributors': None}",False,False,False,Marie-Laure Clerget,True
3437037671,3437037671,QcKucyk,,,,2,477,0,2015-08-23 18:31:38,0,False,2,en,"{'in_reply_to_status_id_str': None, 'retweet_count': 0, 'source': '<a href=""http://twitter.com"" rel=""nofollow"">Twitter Web Client</a>', 'is_quote_status': False, 'in_reply_to_screen_name': None, 'id_str': '656234499626418178', 'in_reply_to_status_id': None, 'truncated': False, 'text': 'Check out BattlePaint on Armor Games. https://t.co/RaNFw8QxOj przez @ArmorGames', 'coordinates': None, 'geo': None, 'entities': {'hashtags': [], 'symbols': [], 'urls': [{'indices': [38, 61], 'display_url': 'armorgames.com/play/10828/bat‚Ä¶', 'expanded_url': 'http://armorgames.com/play/10828/battlepaint?via-search=1', 'url': 'https://t.co/RaNFw8QxOj'}], 'user_mentions': [{'id': 18034991, 'name': 'Armor Games', 'indices': [68, 79], 'screen_name': 'ArmorGames', 'id_str': '18034991'}]}, 'in_reply_to_user_id_str': None, 'place': None, 'id': 656234499626418178, 'retweeted': False, 'favorited': False, 'possibly_sensitive': False, 'lang': 'en', 'created_at': 'Mon Oct 19 22:24:31 +0000 2015', 'favorite_count': 1, 'in_reply_to_user_id': None, 'contributors': None}",True,True,False,Jakub Gawron,True
3241963049,3241963049,TimmyJymmy,,,,0,589,0,2015-05-08 14:37:47,6,False,5,de,"{'in_reply_to_status_id_str': None, 'retweeted_status': {'in_reply_to_status_id_str': None, 'retweet_count': 6277, 'source': '<a href=""http://twitter.com/download/iphone"" rel=""nofollow"">Twitter for iPhone</a>', 'is_quote_status': True, 'in_reply_to_screen_name': None, 'id_str': '814671453954129920', 'in_reply_to_status_id': None, 'truncated': False, 'text': 'True @JaxMenezAtwell https://t.co/5R9BHnVDd7', 'coordinates': None, 'quoted_status_id': 814566791124918272, 'geo': None, 'entities': {'hashtags': [], 'symbols': [], 'urls': [{'indices': [21, 44], 'display_url': 'twitter.com/jaxmenezatwell‚Ä¶', 'expanded_url': 'https://twitter.com/jaxmenezatwell/status/814566791124918272', 'url': 'https://t.co/5R9BHnVDd7'}], 'user_mentions': [{'id': 3324428852, 'name': 'Jax Menez Atwell', 'indices': [5, 20], 'screen_name': 'JaxMenezAtwell', 'id_str': '3324428852'}]}, 'in_reply_to_user_id_str': None, 'place': None, 'possibly_sensitive': False, 'id': 814671453954129920, 'retweeted': False, 'favorited': False, 'quoted_status_id_str': '814566791124918272', 'lang': 'en', 'favorite_count': 6205, 'created_at': 'Fri Dec 30 03:16:25 +0000 2016', 'in_reply_to_user_id': None, 'contributors': None}, 'source': '<a href=""http://twitter.com/download/iphone"" rel=""nofollow"">Twitter for iPhone</a>', 'is_quote_status': True, 'in_reply_to_screen_name': None, 'retweet_count': 6277, 'id_str': '815104979367329793', 'in_reply_to_status_id': None, 'truncated': False, 'text': 'RT @reesemish: True @JaxMenezAtwell https://t.co/5R9BHnVDd7', 'coordinates': None, 'quoted_status_id': 814566791124918272, 'geo': None, 'entities': {'hashtags': [], 'symbols': [], 'urls': [{'indices': [36, 59], 'display_url': 'twitter.com/jaxmenezatwell‚Ä¶', 'expanded_url': 'https://twitter.com/jaxmenezatwell/status/814566791124918272', 'url': 'https://t.co/5R9BHnVDd7'}], 'user_mentions': [{'id': 717423150586155008, 'name': 'Reese Mishler', 'indices': [3, 13], 'screen_name': 'reesemish', 'id_str': '717423150586155008'}, {'id': 3324428852, 'name': 'Jax Menez Atwell', 'indices': [20, 35], 'screen_name': 'JaxMenezAtwell', 'id_str': '3324428852'}]}, 'in_reply_to_user_id_str': None, 'place': None, 'possibly_sensitive': False, 'id': 815104979367329793, 'retweeted': False, 'favorited': False, 'quoted_status_id_str': '814566791124918272', 'lang': 'en', 'created_at': 'Sat Dec 31 07:59:05 +0000 2016', 'favorite_count': 0, 'in_reply_to_user_id': None, 'contributors': None}",True,True,False,Tim Nienhaus,True
1617099913,1617099913,cristinashatto,,,,1,281,0,2013-07-24 06:56:29,0,False,2,en,"{'in_reply_to_status_id_str': '367794025367371777', 'retweet_count': 0, 'source': '<a href=""https://mobile.twitter.com"" rel=""nofollow"">Mobile Web (M2)</a>', 'is_quote_status': False, 'in_reply_to_screen_name': 'khloekardashian', 'id_str': '367932681608105987', 'in_reply_to_status_id': 367794025367371777, 'truncated': False, 'text': '@khloekardashian @krisjenner\nI WOULD JUST LIKE TO SAY THAT I THINK KHLOE IS THE MOST BEAUTIFUL WOMAN WITH THE BEST ATTITUDE IVE EVER SEEN.', 'coordinates': None, 'geo': None, 'entities': {'hashtags': [], 'symbols': [], 'urls': [], 'user_mentions': [{'id': 32959253, 'name': 'Khlo√©', 'indices': [0, 16], 'screen_name': 'khloekardashian', 'id_str': '32959253'}, {'id': 23613479, 'name': 'Kris Jenner', 'indices': [17, 28], 'screen_name': 'KrisJenner', 'id_str': '23613479'}]}, 'in_reply_to_user_id_str': '32959253', 'place': None, 'id': 367932681608105987, 'retweeted': False, 'favorited': False, 'lang': 'en', 'created_at': 'Thu Aug 15 08:56:01 +0000 2013', 'favorite_count': 0, 'in_reply_to_user_id': 32959253, 'contributors': None}",True,True,False,cristina shatto,True
344985198,344985198,Moresse1,minnesota,,,4,359,0,2011-07-29 22:05:20,1,False,18,en,"{'in_reply_to_status_id_str': None, 'retweet_count': 0, 'source': '<a href=""http://twitter.com"" rel=""nofollow"">Twitter Web Client</a>', 'is_quote_status': False, 'in_reply_to_screen_name': None, 'id_str': '420211628890550273', 'in_reply_to_status_id': None, 'truncated': False, 'text': '@logan_lambert hi', 'coordinates': None, 'geo': None, 'entities': {'hashtags': [], 'symbols': [], 'urls': [], 'user_mentions': [{'id': 2208170766, 'name': 'Logan Lambert', 'indices': [0, 14], 'screen_name': 'logan_lambert', 'id_str': '2208170766'}]}, 'in_reply_to_user_id_str': None, 'place': None, 'id': 420211628890550273, 'retweeted': False, 'favorited': False, 'lang': 'und', 'created_at': 'Mon Jan 06 15:13:54 +0000 2014', 'favorite_count': 0, 'in_reply_to_user_id': None, 'contributors': None}",True,True,False,moresse,True
175391697,175391697,sexyscos,,,,3,27,0,2010-08-06 13:41:47,0,False,7,en,"{'in_reply_to_status_id_str': None, 'retweet_count': 0, 'source': '<a href=""http://twitter.com"" rel=""nofollow"">Twitter Web Client</a>', 'is_quote_status': False, 'in_reply_to_screen_name': None, 'id_str': '20470422036', 'in_reply_to_status_id': None, 'truncated': False, 'text': 'sameee x', 'coordinates': None, 'geo': None, 'entities': {'hashtags': [], 'symbols': [], 'urls': [], 'user_mentions': []}, 'in_reply_to_user_id_str': None, 'place': None, 'id': 20470422036, 'retweeted': False, 'favorited': False, 'lang': 'en', 'created_at': 'Fri Aug 06 13:53:52 +0000 2010', 'favorite_count': 0, 'in_reply_to_user_id': None, 'contributors': None}",True,True,False,Jessica Curdie,True
135703306,135703306,Juan_SANC2,Barranca bermeja - colombia ,Estudiante de Contaduria con la fe de que mi pa√≠s alg√∫n d√≠a ser√° much√≠simo mejor,,57,2021,0,2010-04-22 01:53:24,25,False,223,es,"{'in_reply_to_status_id_str': None, 'retweet_count': 0, 'source': '<a href=""http://twitter.com/download/iphone"" rel=""nofollow"">Twitter for iPhone</a>', 'is_quote_status': False, 'in_reply_to_screen_name': 'FALCAO', 'id_str': '834889921861201920', 'in_reply_to_status_id': None, 'truncated': False, 'text': '@FALCAO en el once ideal que bonito https://t.co/TghFLkFr9D', 'coordinates': None, 'geo': None, 'entities': {'hashtags': [], 'symbols': [], 'urls': [], 'media': [{'display_url': 'pic.twitter.com/TghFLkFr9D', 'media_url': 'http://pbs.twimg.com/media/C5Yf8pVXQAEF95L.jpg', 'indices': [36, 59], 'url': 'https://t.co/TghFLkFr9D', 'id': 834889907671875585, 'media_url_https': 'https://pbs.twimg.com/media/C5Yf8pVXQAEF95L.jpg', 'type': 'photo', 'sizes': {'thumb': {'resize': 'crop', 'w': 150, 'h': 150}, 'large': {'resize': 'fit', 'w': 750, 'h': 712}, 'small': {'resize': 'fit', 'w': 680, 'h': 646}, 'medium': {'resize': 'fit', 'w': 750, 'h': 712}}, 'id_str': '834889907671875585', 'expanded_url': 'https://twitter.com/Juan_SANC2/status/834889921861201920/photo/1'}], 'user_mentions': [{'id': 58531272, 'name': 'Radamel Falcao', 'indices': [0, 7], 'screen_name': 'FALCAO', 'id_str': '58531272'}]}, 'in_reply_to_user_id_str': '58531272', 'place': None, 'id': 834889921861201920, 'retweeted': False, 'extended_entities': {'media': [{'display_url': 'pic.twitter.com/TghFLkFr9D', 'media_url': 'http://pbs.twimg.com/media/C5Yf8pVXQAEF95L.jpg', 'indices': [36, 59], 'url': 'https://t.co/TghFLkFr9D', 'id': 834889907671875585, 'media_url_https': 'https://pbs.twimg.com/media/C5Yf8pVXQAEF95L.jpg', 'type': 'photo', 'sizes': {'thumb': {'resize': 'crop', 'w': 150, 'h': 150}, 'large': {'resize': 'fit', 'w': 750, 'h': 712}, 'small': {'resize': 'fit', 'w': 680, 'h': 646}, 'medium': {'resize': 'fit', 'w': 750, 'h': 712}}, 'id_str': '834889907671875585', 'expanded_url': 'https://twitter.com/Juan_SANC2/status/834889921861201920/photo/1'}]}, 'favorited': False, 'possibly_sensitive': False, 'lang': 'es', 'created_at': 'Thu Feb 23 22:17:23 +0000 2017', 'favorite_count': 0, 'in_reply_to_user_id': 58531272, 'contributors': None}",False,False,True,JUAN SANCHEZ,True
206859133,206859133,ingridsimioni,,,,8,351,0,2010-10-23 22:23:59,1,False,16,en,"{'in_reply_to_status_id_str': None, 'retweet_count': 0, 'source': '<a href=""http://www.keek.com"" rel=""nofollow"">Keek</a>', 'is_quote_status': False, 'in_reply_to_screen_name': None, 'id_str': '432872814811815936', 'in_reply_to_status_id': None, 'truncated': False, 'text': 'Recebi um Keek - recebe um e segue-me! http://t.co/Y3KPR416An', 'coordinates': None, 'geo': None, 'entities': {'hashtags': [], 'symbols': [], 'urls': [{'indices': [39, 61], 'display_url': 'keek.com/app', 'expanded_url': 'http://keek.com/app', 'url': 'http://t.co/Y3KPR416An'}], 'user_mentions': []}, 'in_reply_to_user_id_str': None, 'place': None, 'id': 432872814811815936, 'retweeted': False, 'favorited': False, 'possibly_sensitive': False, 'lang': 'pt', 'created_at': 'Mon Feb 10 13:44:56 +0000 2014', 'favorite_count': 0, 'in_reply_to_user_id': None, 'contributors': None}",False,False,False,ingridimioni claros,True
730140226316865537,730140226316865537,sergei89kor,–ê—Ä–∑–∞–º–∞—Å,,,13,1836,0,2016-05-10 20:59:30,13,False,23,ru,"{'in_reply_to_status_id_str': None, 'retweet_count': 0, 'source': '<a href=""http://twitter.com"" rel=""nofollow"">Twitter Web Client</a>', 'is_quote_status': False, 'in_reply_to_screen_name': None, 'id_str': '840473073954500610', 'in_reply_to_status_id': None, 'truncated': False, 'text': 'Give 10 ‚Äì Get 10 https://t.co/iZQC6kOsSP', 'coordinates': None, 'geo': None, 'entities': {'hashtags': [], 'symbols': [], 'urls': [{'indices': [17, 40], 'display_url': 'richmondberks.com/cabinet/partne‚Ä¶', 'expanded_url': 'https://richmondberks.com/cabinet/partners#.WMOvJd8HIIw.twitter', 'url': 'https://t.co/iZQC6kOsSP'}], 'user_mentions': []}, 'in_reply_to_user_id_str': None, 'place': None, 'id': 840473073954500610, 'retweeted': False, 'favorited': False, 'possibly_sensitive': False, 'lang': 'en', 'created_at': 'Sat Mar 11 08:02:50 +0000 2017', 'favorite_count': 0, 'in_reply_to_user_id': None, 'contributors': None}",True,False,True,–°–µ—Ä–≥–µ–π,True
2806342410,2806342410,CheyzGledis,,,,45,742,0,2014-09-12 23:32:42,2419,False,40,en,"{'in_reply_to_status_id_str': None, 'retweet_count': 0, 'source': '<a href=""https://gleam.io"" rel=""nofollow"">Gleam Competition App</a>', 'is_quote_status': True, 'in_reply_to_screen_name': None, 'id_str': '828349280536571904', 'in_reply_to_status_id': None, 'truncated': False, 'text': 'I entered @TwitchMomentsYT INSANE $1200 H1Z1 Skin Giveaway!  https://t.co/ePEvDdJ3mr', 'coordinates': None, 'quoted_status_id': 827226437786619904, 'geo': None, 'entities': {'hashtags': [], 'symbols': [], 'urls': [{'indices': [61, 84], 'display_url': 'twitter.com/TwitchMomentsY‚Ä¶', 'expanded_url': 'https://twitter.com/TwitchMomentsYT/status/827226437786619904', 'url': 'https://t.co/ePEvDdJ3mr'}], 'user_mentions': [{'id': 787647183319203850, 'name': 'Twitch Moments', 'indices': [10, 26], 'screen_name': 'TwitchMomentsYT', 'id_str': '787647183319203850'}]}, 'in_reply_to_user_id_str': None, 'place': None, 'possibly_sensitive': False, 'id': 828349280536571904, 'retweeted': False, 'favorited': False, 'quoted_status_id_str': '827226437786619904', 'lang': 'en', 'favorite_count': 0, 'created_at': 'Sun Feb 05 21:07:13 +0000 2017', 'in_reply_to_user_id': None, 'contributors': None}",True,False,False,Cheyz Gledis,True
213994701,213994701,joseflores98,,,,7,295,0,2010-11-10 09:01:27,2,False,21,en,"{'in_reply_to_status_id_str': None, 'retweet_count': 2, 'source': '<a href=""http://www.lg.com"" rel=""nofollow"">LG Phone</a>', 'is_quote_status': False, 'in_reply_to_screen_name': None, 'id_str': '107442693734547456', 'in_reply_to_status_id': None, 'truncated': False, 'text': 'gym  time...live', 'coordinates': None, 'geo': None, 'entities': {'hashtags': [], 'symbols': [], 'urls': [], 'user_mentions': []}, 'in_reply_to_user_id_str': None, 'place': None, 'id': 107442693734547456, 'retweeted': False, 'favorited': False, 'lang': 'en', 'created_at': 'Sat Aug 27 13:21:49 +0000 2011', 'favorite_count': 0, 'in_reply_to_user_id': None, 'contributors': None}",True,False,False,jose flores,True
141836719,141836719,JustinB_LOV,Universe,,,0,285,0,2010-05-09 05:20:26,0,False,2,en,"{'in_reply_to_status_id_str': None, 'retweet_count': 0, 'source': '<a href=""http://twitter.com"" rel=""nofollow"">Twitter Web Client</a>', 'is_quote_status': False, 'in_reply_to_screen_name': None, 'id_str': '13654094723', 'in_reply_to_status_id': None, 'truncated': False, 'text': 'Still loving Justin!!!  =)', 'coordinates': None, 'geo': None, 'entities': {'hashtags': [], 'symbols': [], 'urls': [], 'user_mentions': []}, 'in_reply_to_user_id_str': None, 'place': None, 'id': 13654094723, 'retweeted': False, 'favorited': False, 'lang': 'en', 'created_at': 'Sun May 09 06:42:19 +0000 2010', 'favorite_count': 0, 'in_reply_to_user_id': None, 'contributors': None}",True,False,False,claudia palacios,True
4382259552,4382259552,G47Ronald,,,,4,704,0,2015-11-27 23:27:56,19,False,2,es,"{'in_reply_to_status_id_str': '676227669323739138', 'retweet_count': 0, 'source': '<a href=""http://twitter.com"" rel=""nofollow"">Twitter Web Client</a>', 'is_quote_status': False, 'in_reply_to_screen_name': 'SamyPequenta', 'id_str': '676241027267719168', 'in_reply_to_status_id': 676227669323739138, 'truncated': False, 'text': '@SamyPequenta Oka:v', 'coordinates': None, 'geo': None, 'entities': {'hashtags': [], 'symbols': [], 'urls': [], 'user_mentions': [{'id': 4478668273, 'name': 'La Peque√±ota Samy', 'indices': [0, 13], 'screen_name': 'SamyPequenta', 'id_str': '4478668273'}]}, 'in_reply_to_user_id_str': '4478668273', 'place': None, 'id': 676241027267719168, 'retweeted': False, 'favorited': False, 'lang': 'et', 'created_at': 'Mon Dec 14 03:23:19 +0000 2015', 'favorite_count': 0, 'in_reply_to_user_id': 4478668273, 'contributors': None}",True,False,False,Ronald Hdez.,True
1945493742,1945493742,stevenjohnson09,,,,67,517,0,2013-10-08 01:03:27,259,False,222,en,"{'in_reply_to_status_id_str': None, 'retweeted_status': {'in_reply_to_status_id_str': None, 'retweet_count': 4751, 'source': '<a href=""http://twitter.com/download/iphone"" rel=""nofollow"">Twitter for iPhone</a>', 'is_quote_status': False, 'in_reply_to_screen_name': None, 'id_str': '830810375729737728', 'in_reply_to_status_id': None, 'truncated': False, 'text': ""Hello Florida....I'm back. https://t.co/kpuJnuxGCO"", 'coordinates': None, 'geo': None, 'entities': {'hashtags': [], 'symbols': [], 'urls': [], 'media': [{'display_url': 'pic.twitter.com/kpuJnuxGCO', 'media_url': 'http://pbs.twimg.com/tweet_video_thumb/C4ehnnfUkAA5LeV.jpg', 'indices': [27, 50], 'url': 'https://t.co/kpuJnuxGCO', 'id': 830810358260469760, 'media_url_https': 'https://pbs.twimg.com/tweet_video_thumb/C4ehnnfUkAA5LeV.jpg', 'type': 'photo', 'sizes': {'thumb': {'resize': 'crop', 'w': 150, 'h': 150}, 'medium': {'resize': 'fit', 'w': 200, 'h': 162}, 'small': {'resize': 'fit', 'w': 200, 'h': 162}, 'large': {'resize': 'fit', 'w': 200, 'h': 162}}, 'id_str': '830810358260469760', 'expanded_url': 'https://twitter.com/Noahsyndergaard/status/830810375729737728/photo/1'}], 'user_mentions': []}, 'in_reply_to_user_id_str': None, 'place': None, 'id': 830810375729737728, 'retweeted': False, 'extended_entities': {'media': [{'display_url': 'pic.twitter.com/kpuJnuxGCO', 'media_url': 'http://pbs.twimg.com/tweet_video_thumb/C4ehnnfUkAA5LeV.jpg', 'indices': [27, 50], 'url': 'https://t.co/kpuJnuxGCO', 'id': 830810358260469760, 'video_info': {'variants': [{'content_type': 'video/mp4', 'bitrate': 0, 'url': 'https://video.twimg.com/tweet_video/C4ehnnfUkAA5LeV.mp4'}], 'aspect_ratio': [100, 81]}, 'media_url_https': 'https://pbs.twimg.com/tweet_video_thumb/C4ehnnfUkAA5LeV.jpg', 'type': 'animated_gif', 'sizes': {'thumb': {'resize': 'crop', 'w': 150, 'h': 150}, 'medium': {'resize': 'fit', 'w': 200, 'h': 162}, 'small': {'resize': 'fit', 'w': 200, 'h': 162}, 'large': {'resize': 'fit', 'w': 200, 'h': 162}}, 'id_str': '830810358260469760', 'expanded_url': 'https://twitter.com/Noahsyndergaard/status/830810375729737728/photo/1'}]}, 'favorited': False, 'possibly_sensitive': False, 'lang': 'en', 'created_at': 'Sun Feb 12 16:06:43 +0000 2017', 'favorite_count': 14455, 'in_reply_to_user_id': None, 'contributors': None}, 'source': '<a href=""http://twitter.com/download/iphone"" rel=""nofollow"">Twitter for iPhone</a>', 'is_quote_status': False, 'in_reply_to_screen_name': None, 'retweet_count': 4751, 'id_str': '831149335798751232', 'in_reply_to_status_id': None, 'truncated': False, 'text': ""RT @Noahsyndergaard: Hello Florida....I'm back. https://t.co/kpuJnuxGCO"", 'coordinates': None, 'geo': None, 'entities': {'hashtags': [], 'symbols': [], 'urls': [], 'media': [{'source_status_id_str': '830810375729737728', 'media_url': 'http://pbs.twimg.com/tweet_video_thumb/C4ehnnfUkAA5LeV.jpg', 'indices': [48, 71], 'id': 830810358260469760, 'source_user_id_str': '361351581', 'sizes': {'thumb': {'resize': 'crop', 'w': 150, 'h': 150}, 'medium': {'resize': 'fit', 'w': 200, 'h': 162}, 'small': {'resize': 'fit', 'w': 200, 'h': 162}, 'large': {'resize': 'fit', 'w': 200, 'h': 162}}, 'id_str': '830810358260469760', 'source_user_id': 361351581, 'source_status_id': 830810375729737728, 'expanded_url': 'https://twitter.com/Noahsyndergaard/status/830810375729737728/photo/1', 'url': 'https://t.co/kpuJnuxGCO', 'media_url_https': 'https://pbs.twimg.com/tweet_video_thumb/C4ehnnfUkAA5LeV.jpg', 'type': 'photo', 'display_url': 'pic.twitter.com/kpuJnuxGCO'}], 'user_mentions': [{'id': 361351581, 'name': 'Noah Syndergaard', 'indices': [3, 19], 'screen_name': 'Noahsyndergaard', 'id_str': '361351581'}]}, 'in_reply_to_user_id_str': None, 'place': None, 'id': 831149335798751232, 'retweeted': False, 'extended_entities': {'media': [{'source_status_id_str': '830810375729737728', 'media_url': 'http://pbs.twimg.com/tweet_video_thumb/C4ehnnfUkAA5LeV.jpg', 'indices': [48, 71], 'id': 830810358260469760, 'source_user_id_str': '361351581', 'sizes': {'thumb': {'resize': 'crop', 'w': 150, 'h': 150}, 'medium': {'resize': 'fit', 'w': 200, 'h': 162}, 'small': {'resize': 'fit', 'w': 200, 'h': 162}, 'large': {'resize': 'fit', 'w': 200, 'h': 162}}, 'id_str': '830810358260469760', 'source_user_id': 361351581, 'source_status_id': 830810375729737728, 'expanded_url': 'https://twitter.com/Noahsyndergaard/status/830810375729737728/photo/1', 'url': 'https://t.co/kpuJnuxGCO', 'media_url_https': 'https://pbs.twimg.com/tweet_video_thumb/C4ehnnfUkAA5LeV.jpg', 'type': 'animated_gif', 'video_info': {'variants': [{'content_type': 'video/mp4', 'bitrate': 0, 'url': 'https://video.twimg.com/tweet_video/C4ehnnfUkAA5LeV.mp4'}], 'aspect_ratio': [100, 81]}, 'display_url': 'pic.twitter.com/kpuJnuxGCO'}]}, 'favorited': False, 'possibly_sensitive': False, 'lang': 'en', 'created_at': 'Mon Feb 13 14:33:38 +0000 2017', 'favorite_count': 0, 'in_reply_to_user_id': None, 'contributors': None}",True,False,False,steven johnson,True
260313680,260313680,brunaoliverd,"guatapara , SP","Eu sou uma garota , extremamente leegal , amo fazer novas amizades '",http://t.co/NcDB9DjhSJ,79,854,0,2011-03-03 16:49:41,0,False,9,en,"{'in_reply_to_status_id_str': None, 'retweet_count': 0, 'source': '<a href=""http://mobile.twitter.com"" rel=""nofollow"">Mobile Web</a>', 'is_quote_status': False, 'in_reply_to_screen_name': None, 'id_str': '692680127025643520', 'in_reply_to_status_id': None, 'truncated': False, 'text': 'Share https://t.co/nZHGOoxzmT', 'coordinates': None, 'geo': None, 'entities': {'hashtags': [], 'symbols': [], 'urls': [{'indices': [6, 29], 'display_url': 'emagrecimentoexpress.com.br', 'expanded_url': 'http://emagrecimentoexpress.com.br/', 'url': 'https://t.co/nZHGOoxzmT'}], 'user_mentions': []}, 'in_reply_to_user_id_str': None, 'place': None, 'id': 692680127025643520, 'retweeted': False, 'favorited': False, 'possibly_sensitive': False, 'lang': 'en', 'created_at': 'Thu Jan 28 12:06:26 +0000 2016', 'favorite_count': 0, 'in_reply_to_user_id': None, 'contributors': None}",False,False,False,bruna oliveira dias,True
399701028,399701028,Prinszz1,Vlaardingen,,,9,649,0,2011-10-27 22:19:13,0,False,19,nl,"{'in_reply_to_status_id_str': None, 'retweet_count': 0, 'source': '<a href=""http://mobile.twitter.com"" rel=""nofollow"">Mobile Web</a>', 'is_quote_status': False, 'in_reply_to_screen_name': None, 'id_str': '772436680460607488', 'in_reply_to_status_id': None, 'truncated': False, 'text': 'Hang rond met Furr en andere leuke mensen in de buurt, als jij je aanmeldt voor Badoo!', 'coordinates': None, 'geo': None, 'entities': {'hashtags': [], 'symbols': [], 'urls': [], 'user_mentions': []}, 'in_reply_to_user_id_str': None, 'place': None, 'id': 772436680460607488, 'retweeted': False, 'favorited': False, 'lang': 'nl', 'created_at': 'Sun Sep 04 14:10:30 +0000 2016', 'favorite_count': 0, 'in_reply_to_user_id': None, 'contributors': None}",True,False,False,Gurkan Prinszz,True
179192611,179192611,ArthurPedroti,,,,2,987,0,2010-08-16 18:46:57,0,False,49,en,"{'in_reply_to_status_id_str': None, 'retweet_count': 0, 'source': '<a href=""http://twitter.com/download/android"" rel=""nofollow"">Twitter for Android</a>', 'is_quote_status': False, 'in_reply_to_screen_name': None, 'id_str': '827668635607035904', 'in_reply_to_status_id': None, 'truncated': False, 'text': '#biblefor21 \nProv√©rbios\nhttps://t.co/nGZ6ydpEwa https://t.co/p9pTvWeFaI', 'coordinates': None, 'geo': None, 'entities': {'hashtags': [{'text': 'biblefor21', 'indices': [0, 11]}], 'symbols': [], 'urls': [{'indices': [24, 47], 'display_url': 'bible.com/r/2P', 'expanded_url': 'http://bible.com/r/2P', 'url': 'https://t.co/nGZ6ydpEwa'}], 'media': [{'display_url': 'pic.twitter.com/p9pTvWeFaI', 'media_url': 'http://pbs.twimg.com/media/C3x4PCbWYAQcRF1.jpg', 'indices': [48, 71], 'url': 'https://t.co/p9pTvWeFaI', 'id': 827668631274283012, 'media_url_https': 'https://pbs.twimg.com/media/C3x4PCbWYAQcRF1.jpg', 'type': 'photo', 'sizes': {'large': {'resize': 'fit', 'w': 640, 'h': 360}, 'medium': {'resize': 'fit', 'w': 640, 'h': 360}, 'small': {'resize': 'fit', 'w': 640, 'h': 360}, 'thumb': {'resize': 'crop', 'w': 150, 'h': 150}}, 'id_str': '827668631274283012', 'expanded_url': 'https://twitter.com/ArthurPedroti/status/827668635607035904/photo/1'}], 'user_mentions': []}, 'in_reply_to_user_id_str': None, 'place': None, 'id': 827668635607035904, 'retweeted': False, 'extended_entities': {'media': [{'display_url': 'pic.twitter.com/p9pTvWeFaI', 'media_url': 'http://pbs.twimg.com/media/C3x4PCbWYAQcRF1.jpg', 'indices': [48, 71], 'url': 'https://t.co/p9pTvWeFaI', 'id': 827668631274283012, 'media_url_https': 'https://pbs.twimg.com/media/C3x4PCbWYAQcRF1.jpg', 'type': 'photo', 'sizes': {'large': {'resize': 'fit', 'w': 640, 'h': 360}, 'medium': {'resize': 'fit', 'w': 640, 'h': 360}, 'small': {'resize': 'fit', 'w': 640, 'h': 360}, 'thumb': {'resize': 'crop', 'w': 150, 'h': 150}}, 'id_str': '827668631274283012', 'expanded_url': 'https://twitter.com/ArthurPedroti/status/827668635607035904/photo/1'}]}, 'favorited': False, 'possibly_sensitive': False, 'lang': 'pt', 'created_at': 'Sat Feb 04 00:02:34 +0000 2017', 'favorite_count': 0, 'in_reply_to_user_id': None, 'contributors': None}",True,True,False,Arthur Pedroti,True
609476979,609476979,lolodurival,82 en France,curieux de tout,,6,2025,0,2012-06-15 20:08:35,3,False,43,fr,"{'in_reply_to_status_id_str': None, 'retweeted_status': {'in_reply_to_status_id_str': None, 'retweet_count': 127, 'source': '<a href=""http://twitter.com"" rel=""nofollow"">Twitter Web Client</a>', 'is_quote_status': False, 'in_reply_to_screen_name': None, 'id_str': '825334484249747456', 'in_reply_to_status_id': None, 'truncated': False, 'text': 'Penelope Fillon a donc touche 44 ans de Smic a ne rien faire...', 'coordinates': None, 'geo': None, 'entities': {'hashtags': [], 'symbols': [], 'urls': [], 'user_mentions': []}, 'in_reply_to_user_id_str': None, 'place': None, 'id': 825334484249747456, 'retweeted': False, 'favorited': False, 'lang': 'fr', 'created_at': 'Sat Jan 28 13:27:29 +0000 2017', 'favorite_count': 102, 'in_reply_to_user_id': None, 'contributors': None}, 'source': '<a href=""http://twitter.com/download/android"" rel=""nofollow"">Twitter for Android</a>', 'is_quote_status': False, 'in_reply_to_screen_name': None, 'retweet_count': 127, 'id_str': '825409010329387009', 'in_reply_to_status_id': None, 'truncated': False, 'text': 'RT @gerardfiloche: Penelope Fillon a donc touche 44 ans de Smic a ne rien faire...', 'coordinates': None, 'geo': None, 'entities': {'hashtags': [], 'symbols': [], 'urls': [], 'user_mentions': [{'id': 56107736, 'name': 'Gerard Filoche', 'indices': [3, 17], 'screen_name': 'gerardfiloche', 'id_str': '56107736'}]}, 'in_reply_to_user_id_str': None, 'place': None, 'id': 825409010329387009, 'retweeted': False, 'favorited': False, 'lang': 'fr', 'created_at': 'Sat Jan 28 18:23:38 +0000 2017', 'favorite_count': 0, 'in_reply_to_user_id': None, 'contributors': None}",True,False,False,leyssales l,True
767172805,767172805,BossLady51612,,,,3,51,0,2012-08-19 08:09:09,0,False,57,en,"{'in_reply_to_status_id_str': None, 'retweet_count': 0, 'source': '<a href=""http://www.facebook.com/222650567849780"" rel=""nofollow"">Mystery Manor for Android</a>', 'is_quote_status': False, 'in_reply_to_screen_name': None, 'id_str': '305869620089331712', 'in_reply_to_status_id': None, 'truncated': False, 'text': ""Friends, I'm playing Mystery Manor and really need some items! http://t.co/W5Zjq7C9mV #android #androidgames #gameinsight"", 'coordinates': None, 'geo': None, 'entities': {'hashtags': [{'text': 'android', 'indices': [86, 94]}, {'text': 'androidgames', 'indices': [95, 108]}, {'text': 'gameinsight', 'indices': [109, 121]}], 'symbols': [], 'urls': [{'indices': [63, 85], 'display_url': 'gigam.es/itw_MM', 'expanded_url': 'http://gigam.es/itw_MM', 'url': 'http://t.co/W5Zjq7C9mV'}], 'user_mentions': []}, 'in_reply_to_user_id_str': None, 'place': None, 'id': 305869620089331712, 'retweeted': False, 'favorited': False, 'possibly_sensitive': False, 'lang': 'en', 'created_at': 'Mon Feb 25 02:39:34 +0000 2013', 'favorite_count': 0, 'in_reply_to_user_id': None, 'contributors': None}",True,True,False,Teasti Daniels ,True
2716212486,2716212486,OldOrxan,,,,1,421,0,2014-08-08 05:15:36,13,False,14,ru,"{'in_reply_to_status_id_str': None, 'retweeted_status': {'in_reply_to_status_id_str': None, 'retweet_count': 64, 'source': '<a href=""http://instagram.com"" rel=""nofollow"">Instagram</a>', 'is_quote_status': False, 'in_reply_to_screen_name': None, 'id_str': '815446236505473024', 'in_reply_to_status_id': None, 'truncated': False, 'text': '‚ù§Ô∏èüçæ‚ú®üçæ‚ú®üçæ‚ú®üçæ‚ù§Ô∏è https://t.co/9xWW9RHErI', 'coordinates': None, 'geo': None, 'entities': {'hashtags': [], 'symbols': [], 'urls': [{'indices': [12, 35], 'display_url': 'instagram.com/p/BOtj4TngwX2/', 'expanded_url': 'https://www.instagram.com/p/BOtj4TngwX2/', 'url': 'https://t.co/9xWW9RHErI'}], 'user_mentions': []}, 'in_reply_to_user_id_str': None, 'place': None, 'id': 815446236505473024, 'retweeted': False, 'favorited': False, 'possibly_sensitive': False, 'lang': 'und', 'created_at': 'Sun Jan 01 06:35:07 +0000 2017', 'favorite_count': 62, 'in_reply_to_user_id': None, 'contributors': None}, 'source': '<a href=""http://twitter.com/download/iphone"" rel=""nofollow"">Twitter for iPhone</a>', 'is_quote_status': False, 'in_reply_to_screen_name': None, 'retweet_count': 64, 'id_str': '815459928378740736', 'in_reply_to_status_id': None, 'truncated': False, 'text': 'RT @EvaAriasV: ‚ù§Ô∏èüçæ‚ú®üçæ‚ú®üçæ‚ú®üçæ‚ù§Ô∏è https://t.co/9xWW9RHErI', 'coordinates': None, 'geo': None, 'entities': {'hashtags': [], 'symbols': [], 'urls': [{'indices': [27, 50], 'display_url': 'instagram.com/p/BOtj4TngwX2/', 'expanded_url': 'https://www.instagram.com/p/BOtj4TngwX2/', 'url': 'https://t.co/9xWW9RHErI'}], 'user_mentions': [{'id': 107654914, 'name': 'Eva Arias', 'indices': [3, 13], 'screen_name': 'EvaAriasV', 'id_str': '107654914'}]}, 'in_reply_to_user_id_str': None, 'place': None, 'id': 815459928378740736, 'retweeted': False, 'favorited': False, 'possibly_sensitive': False, 'lang': 'und', 'created_at': 'Sun Jan 01 07:29:32 +0000 2017', 'favorite_count': 0, 'in_reply_to_user_id': None, 'contributors': None}",True,True,False,orxan ismayilov,True
23538380,23538380,RhymesWithMagic,,,,23,117,0,2009-03-10 01:35:46,3413,False,97,en,"{'in_reply_to_status_id_str': None, 'retweet_count': 0, 'source': '<a href=""http://twitter.com"" rel=""nofollow"">Twitter Web Client</a>', 'is_quote_status': False, 'in_reply_to_screen_name': None, 'id_str': '766290460918808576', 'in_reply_to_status_id': None, 'truncated': False, 'text': ""As unfair as it seems, your drivers can't go the wrong way down a 1 way street! Esp.near a kid's playground! So thankful for Uber! @BeckTaxi"", 'coordinates': None, 'geo': None, 'entities': {'hashtags': [], 'symbols': [], 'urls': [], 'user_mentions': [{'id': 569341037, 'name': 'Beck Taxi', 'indices': [131, 140], 'screen_name': 'BeckTaxi', 'id_str': '569341037'}]}, 'in_reply_to_user_id_str': None, 'place': None, 'id': 766290460918808576, 'retweeted': False, 'favorited': False, 'lang': 'en', 'created_at': 'Thu Aug 18 15:07:37 +0000 2016', 'favorite_count': 0, 'in_reply_to_user_id': None, 'contributors': None}",False,True,False,Rhymes with Magic,True
2818987368,2818987368,Zgmagik,,,,14,1636,0,2014-09-19 03:29:12,0,False,1,en,"{'in_reply_to_status_id_str': None, 'retweet_count': 1, 'source': '<a href=""http://twitter.com"" rel=""nofollow"">Twitter Web Client</a>', 'is_quote_status': False, 'in_reply_to_screen_name': 'StPetersburgNws', 'id_str': '555188689748250624', 'in_reply_to_status_id': None, 'truncated': False, 'text': '@stpetersburgnws http://t.co/aRjm0GiTiv', 'coordinates': None, 'geo': None, 'entities': {'hashtags': [], 'symbols': [], 'urls': [{'indices': [17, 39], 'display_url': 'goo.gl/GUhwI9#uponjrj‚Ä¶', 'expanded_url': 'http://goo.gl/GUhwI9#uponjrjxetjlupah', 'url': 'http://t.co/aRjm0GiTiv'}], 'user_mentions': [{'id': 2904810315, 'name': 'Saint Petersburg', 'indices': [0, 16], 'screen_name': 'StPetersburgNws', 'id_str': '2904810315'}]}, 'in_reply_to_user_id_str': '2904810315', 'place': None, 'id': 555188689748250624, 'retweeted': False, 'favorited': False, 'possibly_sensitive': False, 'lang': 'und', 'created_at': 'Wed Jan 14 02:24:33 +0000 2015', 'favorite_count': 9, 'in_reply_to_user_id': 2904810315, 'contributors': None}",True,True,False,Zachary Jacobs,True
97585943,97585943,Ever3109,,,,4,726,0,2009-12-18 03:17:13,58,False,46,en,"{'in_reply_to_status_id_str': None, 'retweeted_status': {'in_reply_to_status_id_str': None, 'retweet_count': 2032, 'source': '<a href=""http://twitter.com"" rel=""nofollow"">Twitter Web Client</a>', 'is_quote_status': False, 'in_reply_to_screen_name': None, 'id_str': '816877965199802368', 'in_reply_to_status_id': None, 'truncated': True, 'text': '#MGMÌôÄÏßù\n#ÎÑ§ÏûÑÎìúÏÇ¨Îã§Î¶¨\n#Îã§Î¶¨Îã§Î¶¨\n\nÎ°ùÌé†Îü¨    https://t.co/PsUOJBfsAE\nÏΩîÎìú        MAN77\nÏπ¥ÌÜ°Î¨∏Ïùò ES999\n\nÏ°∏ÏóÖÏùÄ ÏûàÏñ¥ÎèÑ Î®πÌäÄÎäî ÏóÜÏäµÎãàÎã§.\nÏßÄÍ∏àÍªè Ïã†Ïö©ÌïòÎÇòÎ°ú Ïö¥ÏòÅÌï¥ ÏôîÏäµ‚Ä¶ https://t.co/r97nHmlFSa', 'coordinates': None, 'geo': None, 'entities': {'hashtags': [{'text': 'MGMÌôÄÏßù', 'indices': [0, 6]}, {'text': 'ÎÑ§ÏûÑÎìúÏÇ¨Îã§Î¶¨', 'indices': [7, 14]}, {'text': 'Îã§Î¶¨Îã§Î¶¨', 'indices': [15, 20]}], 'symbols': [], 'urls': [{'indices': [29, 52], 'display_url': 'RK-EE.COM', 'expanded_url': 'http://RK-EE.COM', 'url': 'https://t.co/PsUOJBfsAE'}, {'indices': [117, 140], 'display_url': 'twitter.com/i/web/status/8‚Ä¶', 'expanded_url': 'https://twitter.com/i/web/status/816877965199802368', 'url': 'https://t.co/r97nHmlFSa'}], 'user_mentions': []}, 'in_reply_to_user_id_str': None, 'place': None, 'id': 816877965199802368, 'retweeted': False, 'favorited': False, 'possibly_sensitive': False, 'lang': 'ko', 'created_at': 'Thu Jan 05 05:24:18 +0000 2017', 'favorite_count': 1931, 'in_reply_to_user_id': None, 'contributors': None}, 'source': '<a href=""http://twitter.com/download/iphone"" rel=""nofollow"">Twitter for iPhone</a>', 'is_quote_status': False, 'in_reply_to_screen_name': None, 'retweet_count': 2032, 'id_str': '817022748568518656', 'in_reply_to_status_id': None, 'truncated': False, 'text': 'RT @IMMANSULEE: #MGMÌôÄÏßù\n#ÎÑ§ÏûÑÎìúÏÇ¨Îã§Î¶¨\n#Îã§Î¶¨Îã§Î¶¨\n\nÎ°ùÌé†Îü¨    https://t.co/PsUOJBfsAE\nÏΩîÎìú        MAN77\nÏπ¥ÌÜ°Î¨∏Ïùò ES999\n\nÏ°∏ÏóÖÏùÄ ÏûàÏñ¥ÎèÑ Î®πÌäÄÎäî ÏóÜÏäµÎãàÎã§.\nÏßÄÍ∏àÍªè Ïã†Ïö©ÌïòÎÇòÎ°ú Ïö¥ÏòÅÌï¥ ÏôîÏäµÎãàÎã§.\nÎØøÍ≥† Ïù¥‚Ä¶', 'coordinates': None, 'geo': None, 'entities': {'hashtags': [{'text': 'MGMÌôÄÏßù', 'indices': [16, 22]}, {'text': 'ÎÑ§ÏûÑÎìúÏÇ¨Îã§Î¶¨', 'indices': [23, 30]}, {'text': 'Îã§Î¶¨Îã§Î¶¨', 'indices': [31, 36]}], 'symbols': [], 'urls': [{'indices': [45, 68], 'display_url': 'RK-EE.COM', 'expanded_url': 'http://RK-EE.COM', 'url': 'https://t.co/PsUOJBfsAE'}], 'user_mentions': [{'id': 795895929169510400, 'name': 'ÌÜ†ÌÜ†Ï¥ùÌåêÎ™®Ïßë', 'indices': [3, 14], 'screen_name': 'IMMANSULEE', 'id_str': '795895929169510400'}]}, 'in_reply_to_user_id_str': None, 'place': None, 'id': 817022748568518656, 'retweeted': False, 'favorited': False, 'possibly_sensitive': False, 'lang': 'ko', 'created_at': 'Thu Jan 05 14:59:37 +0000 2017', 'favorite_count': 0, 'in_reply_to_user_id': None, 'contributors': None}",True,True,False,Marcos delacruz,True
1440625356,1440625356,gggiiia,,"vivo in italia e sono un patito di videogiochi,anime&manga e elettronica,credo che la scienza sia molto pi√π solida di una qualsiasi dottrina religiosa!",,14,743,0,2013-05-19 08:54:55,2,False,15,it,"{'in_reply_to_status_id_str': None, 'retweet_count': 1, 'source': '<a href=""http://twitter.com"" rel=""nofollow"">Twitter Web Client</a>', 'is_quote_status': False, 'in_reply_to_screen_name': None, 'id_str': '660492386829770752', 'in_reply_to_status_id': None, 'truncated': False, 'text': 'FREE Steam Games (Updated 2015) https://t.co/0QYyzGgFRj via @TrustedHacks', 'coordinates': None, 'geo': None, 'entities': {'hashtags': [], 'symbols': [], 'urls': [{'indices': [32, 55], 'display_url': 'yourtrustedhacks.com/free-steam-gam‚Ä¶', 'expanded_url': 'http://yourtrustedhacks.com/free-steam-games/', 'url': 'https://t.co/0QYyzGgFRj'}], 'user_mentions': []}, 'in_reply_to_user_id_str': None, 'place': None, 'id': 660492386829770752, 'retweeted': False, 'favorited': False, 'possibly_sensitive': False, 'lang': 'en', 'created_at': 'Sat Oct 31 16:23:51 +0000 2015', 'favorite_count': 3, 'in_reply_to_user_id': None, 'contributors': None}",False,False,False,Gianluca pietrobon,True
1462867231,1462867231,HayLesleyann,,,,4,1193,0,2013-05-27 18:38:59,1,False,2,en,"{'in_reply_to_status_id_str': None, 'retweeted_status': {'in_reply_to_status_id_str': None, 'retweet_count': 134, 'source': '<a href=""https://ads.twitter.com"" rel=""nofollow"">Twitter Ads</a>', 'is_quote_status': False, 'in_reply_to_screen_name': None, 'id_str': '782953862512517125', 'in_reply_to_status_id': None, 'truncated': False, 'text': ""Win 3 tickets to Disney's Dancing on Ice - Frozen, Sat 26th Nov. Follow us and retweet this to enter, ends Fri @ 3pm https://t.co/8YjPW59Aad"", 'coordinates': None, 'geo': None, 'entities': {'hashtags': [], 'symbols': [], 'urls': [], 'media': [{'display_url': 'pic.twitter.com/8YjPW59Aad', 'media_url': 'http://pbs.twimg.com/media/Ct2cYyKVIAE_GkZ.jpg', 'indices': [117, 140], 'url': 'https://t.co/8YjPW59Aad', 'id': 782953859828228097, 'media_url_https': 'https://pbs.twimg.com/media/Ct2cYyKVIAE_GkZ.jpg', 'type': 'photo', 'sizes': {'thumb': {'resize': 'crop', 'w': 150, 'h': 150}, 'medium': {'resize': 'fit', 'w': 800, 'h': 800}, 'small': {'resize': 'fit', 'w': 680, 'h': 680}, 'large': {'resize': 'fit', 'w': 800, 'h': 800}}, 'id_str': '782953859828228097', 'expanded_url': 'https://twitter.com/rivergatecentre/status/782953862512517125/photo/1'}], 'user_mentions': []}, 'in_reply_to_user_id_str': None, 'place': None, 'id': 782953862512517125, 'retweeted': False, 'extended_entities': {'media': [{'display_url': 'pic.twitter.com/8YjPW59Aad', 'media_url': 'http://pbs.twimg.com/media/Ct2cYyKVIAE_GkZ.jpg', 'indices': [117, 140], 'url': 'https://t.co/8YjPW59Aad', 'id': 782953859828228097, 'media_url_https': 'https://pbs.twimg.com/media/Ct2cYyKVIAE_GkZ.jpg', 'type': 'photo', 'sizes': {'thumb': {'resize': 'crop', 'w': 150, 'h': 150}, 'medium': {'resize': 'fit', 'w': 800, 'h': 800}, 'small': {'resize': 'fit', 'w': 680, 'h': 680}, 'large': {'resize': 'fit', 'w': 800, 'h': 800}}, 'id_str': '782953859828228097', 'expanded_url': 'https://twitter.com/rivergatecentre/status/782953862512517125/photo/1'}]}, 'favorited': False, 'possibly_sensitive': False, 'lang': 'en', 'created_at': 'Mon Oct 03 14:42:02 +0000 2016', 'favorite_count': 91, 'in_reply_to_user_id': None, 'contributors': None}, 'source': '<a href=""https://mobile.twitter.com"" rel=""nofollow"">Mobile Web (M5)</a>', 'is_quote_status': False, 'in_reply_to_screen_name': None, 'retweet_count': 134, 'id_str': '783719690451443712', 'in_reply_to_status_id': None, 'truncated': False, 'text': ""RT @rivergatecentre: Win 3 tickets to Disney's Dancing on Ice - Frozen, Sat 26th Nov. Follow us and retweet this to enter, ends Fri @ 3pm h‚Ä¶"", 'coordinates': None, 'geo': None, 'entities': {'hashtags': [], 'symbols': [], 'urls': [], 'user_mentions': [{'id': 113727191, 'name': 'Rivergate Centre', 'indices': [3, 19], 'screen_name': 'rivergatecentre', 'id_str': '113727191'}]}, 'in_reply_to_user_id_str': None, 'place': None, 'id': 783719690451443712, 'retweeted': False, 'favorited': False, 'lang': 'en', 'created_at': 'Wed Oct 05 17:25:09 +0000 2016', 'favorite_count': 0, 'in_reply_to_user_id': None, 'contributors': None}",True,True,False,lesleyann hay,True
